IP地址,数据中心,地区,城市,网络延迟
172.64.229.137,NRT,亚太地区,东京,88 ms
104.16.48.176,SJC,北美洲,圣何塞,145 ms
104.18.38.160,SJC,北美洲,圣何塞,146 ms
104.18.39.2,SJC,北美洲,圣何塞,146 ms
172.65.192.108,SJC,北美洲,圣何塞,147 ms
104.17.244.63,SJC,北美洲,圣何塞,147 ms
172.64.147.63,SJC,北美洲,圣何塞,147 ms
104.19.147.39,SJC,北美洲,圣何塞,147 ms
104.18.228.75,SJC,北美洲,圣何塞,148 ms
104.18.186.79,SJC,北美洲,圣何塞,148 ms
104.19.123.238,SJC,北美洲,圣何塞,148 ms
104.19.29.230,SJC,北美洲,圣何塞,148 ms
104.18.165.118,SJC,北美洲,圣何塞,149 ms
104.17.203.82,SJC,北美洲,圣何塞,149 ms
104.18.231.43,SJC,北美洲,圣何塞,149 ms
104.19.56.3,SJC,北美洲,圣何塞,149 ms
104.17.135.167,SJC,北美洲,圣何塞,149 ms
104.17.230.210,SJC,北美洲,圣何塞,149 ms
104.19.70.4,SJC,北美洲,圣何塞,149 ms
104.17.113.96,SJC,北美洲,圣何塞,149 ms
104.17.74.48,SJC,北美洲,圣何塞,149 ms
104.19.207.162,SJC,北美洲,圣何塞,149 ms
104.18.249.5,SJC,北美洲,圣何塞,150 ms
104.17.116.217,SJC,北美洲,圣何塞,150 ms
162.159.9.174,SJC,北美洲,圣何塞,150 ms
104.19.64.94,SJC,北美洲,圣何塞,150 ms
104.19.11.228,SJC,北美洲,圣何塞,150 ms
104.16.155.96,SJC,北美洲,圣何塞,151 ms
104.16.154.197,SJC,北美洲,圣何塞,151 ms
104.16.240.10,SJC,北美洲,圣何塞,151 ms
104.17.144.204,SJC,北美洲,圣何塞,152 ms
104.18.254.155,SJC,北美洲,圣何塞,152 ms
162.159.21.22,SJC,北美洲,圣何塞,152 ms
172.64.86.183,SJC,北美洲,圣何塞,153 ms
104.19.18.27,SJC,北美洲,圣何塞,153 ms
104.17.13.222,SJC,北美洲,圣何塞,153 ms
104.19.169.88,SJC,北美洲,圣何塞,153 ms
104.18.146.56,SJC,北美洲,圣何塞,153 ms
104.19.212.51,SJC,北美洲,圣何塞,153 ms
104.17.105.50,SJC,北美洲,圣何塞,153 ms
104.16.242.132,SJC,北美洲,圣何塞,153 ms
172.65.198.198,SJC,北美洲,圣何塞,153 ms
104.17.162.107,SJC,北美洲,圣何塞,153 ms
104.18.72.240,SJC,北美洲,圣何塞,154 ms
104.17.24.4,SJC,北美洲,圣何塞,154 ms
104.17.177.235,SJC,北美洲,圣何塞,154 ms
104.18.46.198,SJC,北美洲,圣何塞,154 ms
104.19.22.248,SJC,北美洲,圣何塞,154 ms
104.18.37.22,SJC,北美洲,圣何塞,154 ms
104.17.216.149,SJC,北美洲,圣何塞,154 ms
104.17.49.170,SJC,北美洲,圣何塞,154 ms
104.19.117.178,SJC,北美洲,圣何塞,154 ms
104.17.188.0,SJC,北美洲,圣何塞,154 ms
104.17.40.89,SJC,北美洲,圣何塞,154 ms
104.17.139.63,SJC,北美洲,圣何塞,155 ms
104.18.139.126,SJC,北美洲,圣何塞,155 ms
172.64.35.91,SJC,北美洲,圣何塞,155 ms
172.64.152.122,SJC,北美洲,圣何塞,155 ms
104.18.63.31,SJC,北美洲,圣何塞,155 ms
104.18.171.12,SJC,北美洲,圣何塞,155 ms
104.19.192.171,SJC,北美洲,圣何塞,155 ms
172.64.48.21,SJC,北美洲,圣何塞,155 ms
104.18.161.254,SJC,北美洲,圣何塞,155 ms
104.17.211.109,SJC,北美洲,圣何塞,155 ms
104.18.226.160,SJC,北美洲,圣何塞,155 ms
104.18.255.87,SJC,北美洲,圣何塞,155 ms
104.18.16.155,LAX,北美洲,洛杉矶,155 ms
104.17.223.190,SJC,北美洲,圣何塞,155 ms
104.18.175.63,SJC,北美洲,圣何塞,155 ms
104.17.243.197,SJC,北美洲,圣何塞,155 ms
104.19.163.226,SJC,北美洲,圣何塞,156 ms
104.18.33.167,SJC,北美洲,圣何塞,156 ms
104.16.230.97,SJC,北美洲,圣何塞,156 ms
162.159.33.255,SJC,北美洲,圣何塞,156 ms
104.17.9.225,SJC,北美洲,圣何塞,156 ms
104.18.70.156,SJC,北美洲,圣何塞,156 ms
104.17.193.131,SJC,北美洲,圣何塞,156 ms
104.16.204.119,SJC,北美洲,圣何塞,156 ms
104.19.149.13,SJC,北美洲,圣何塞,156 ms
104.19.157.85,SJC,北美洲,圣何塞,156 ms
104.17.231.7,SJC,北美洲,圣何塞,156 ms
104.19.219.41,SJC,北美洲,圣何塞,156 ms
104.19.19.180,SJC,北美洲,圣何塞,156 ms
104.19.100.126,SJC,北美洲,圣何塞,156 ms
104.19.96.131,SJC,北美洲,圣何塞,156 ms
172.64.84.41,SJC,北美洲,圣何塞,157 ms
104.17.157.85,SJC,北美洲,圣何塞,157 ms
104.17.158.74,SJC,北美洲,圣何塞,157 ms
104.17.182.36,SJC,北美洲,圣何塞,157 ms
104.16.51.221,SJC,北美洲,圣何塞,157 ms
104.17.129.90,SJC,北美洲,圣何塞,157 ms
104.19.53.71,SJC,北美洲,圣何塞,157 ms
104.19.104.54,SJC,北美洲,圣何塞,157 ms
104.17.31.7,SJC,北美洲,圣何塞,157 ms
104.19.128.7,LAX,北美洲,洛杉矶,157 ms
104.19.62.138,SJC,北美洲,圣何塞,157 ms
104.19.246.185,LAX,北美洲,洛杉矶,157 ms
104.18.204.54,SJC,北美洲,圣何塞,157 ms
162.159.24.193,SJC,北美洲,圣何塞,158 ms
104.17.132.230,SJC,北美洲,圣何塞,158 ms
104.19.101.129,SJC,北美洲,圣何塞,158 ms
104.19.31.99,SJC,北美洲,圣何塞,158 ms
104.17.44.216,SJC,北美洲,圣何塞,158 ms
104.17.218.13,SJC,北美洲,圣何塞,158 ms
104.19.167.50,SJC,北美洲,圣何塞,158 ms
104.18.76.158,SJC,北美洲,圣何塞,158 ms
104.18.21.77,LAX,北美洲,洛杉矶,158 ms
104.18.53.24,SJC,北美洲,圣何塞,158 ms
104.17.78.95,SJC,北美洲,圣何塞,158 ms
104.19.224.113,SJC,北美洲,圣何塞,158 ms
172.66.40.173,SJC,北美洲,圣何塞,158 ms
104.18.160.239,SJC,北美洲,圣何塞,158 ms
104.18.68.120,SJC,北美洲,圣何塞,158 ms
172.64.146.33,SJC,北美洲,圣何塞,158 ms
104.18.130.205,SJC,北美洲,圣何塞,158 ms
104.16.44.209,SJC,北美洲,圣何塞,159 ms
104.17.166.61,SJC,北美洲,圣何塞,159 ms
104.18.49.41,SJC,北美洲,圣何塞,159 ms
104.18.229.5,SJC,北美洲,圣何塞,159 ms
104.16.58.135,SJC,北美洲,圣何塞,159 ms
104.19.146.115,SJC,北美洲,圣何塞,159 ms
104.18.91.231,SJC,北美洲,圣何塞,159 ms
104.18.27.34,LAX,北美洲,洛杉矶,159 ms
104.16.243.195,SJC,北美洲,圣何塞,159 ms
104.18.13.119,SJC,北美洲,圣何塞,159 ms
104.17.79.209,SJC,北美洲,圣何塞,159 ms
104.17.47.254,SJC,北美洲,圣何塞,159 ms
198.41.200.246,SJC,北美洲,圣何塞,159 ms
104.16.21.183,SJC,北美洲,圣何塞,159 ms
104.17.242.231,SJC,北美洲,圣何塞,159 ms
172.65.203.168,SJC,北美洲,圣何塞,159 ms
198.41.206.43,SJC,北美洲,圣何塞,159 ms
104.18.237.1,SJC,北美洲,圣何塞,159 ms
104.16.190.225,SJC,北美洲,圣何塞,159 ms
104.19.180.230,SJC,北美洲,圣何塞,159 ms
104.19.126.54,SJC,北美洲,圣何塞,159 ms
104.16.55.27,SJC,北美洲,圣何塞,159 ms
104.18.195.104,SJC,北美洲,圣何塞,159 ms
104.19.105.248,SJC,北美洲,圣何塞,159 ms
104.19.3.245,SJC,北美洲,圣何塞,159 ms
104.19.26.82,SJC,北美洲,圣何塞,159 ms
104.19.32.145,SJC,北美洲,圣何塞,159 ms
104.18.253.10,SJC,北美洲,圣何塞,159 ms
104.17.195.194,SJC,北美洲,圣何塞,160 ms
104.18.174.202,SJC,北美洲,圣何塞,160 ms
104.17.149.150,SJC,北美洲,圣何塞,160 ms
104.19.226.243,SJC,北美洲,圣何塞,160 ms
104.18.126.14,LAX,北美洲,洛杉矶,160 ms
172.65.249.141,SJC,北美洲,圣何塞,160 ms
104.17.252.181,SJC,北美洲,圣何塞,160 ms
104.18.214.240,SJC,北美洲,圣何塞,160 ms
104.19.58.46,SJC,北美洲,圣何塞,160 ms
104.17.179.116,SJC,北美洲,圣何塞,160 ms
162.159.36.2,SJC,北美洲,圣何塞,160 ms
104.17.58.252,SJC,北美洲,圣何塞,160 ms
104.17.137.220,SJC,北美洲,圣何塞,160 ms
162.159.26.113,SJC,北美洲,圣何塞,160 ms
104.17.99.46,SJC,北美洲,圣何塞,160 ms
104.18.246.147,SJC,北美洲,圣何塞,160 ms
104.16.255.8,SJC,北美洲,圣何塞,160 ms
104.18.156.249,SJC,北美洲,圣何塞,160 ms
104.17.213.19,SJC,北美洲,圣何塞,160 ms
104.16.32.127,SJC,北美洲,圣何塞,161 ms
104.17.11.30,SJC,北美洲,圣何塞,161 ms
104.19.159.111,SJC,北美洲,圣何塞,161 ms
172.64.79.126,SJC,北美洲,圣何塞,161 ms
104.19.69.89,SJC,北美洲,圣何塞,161 ms
162.159.25.7,SJC,北美洲,圣何塞,161 ms
104.18.201.222,SJC,北美洲,圣何塞,161 ms
104.19.131.200,LAX,北美洲,洛杉矶,161 ms
104.17.173.219,SJC,北美洲,圣何塞,161 ms
104.17.172.57,SJC,北美洲,圣何塞,161 ms
104.18.162.113,SJC,北美洲,圣何塞,161 ms
104.18.157.45,SJC,北美洲,圣何塞,161 ms
104.19.94.96,SJC,北美洲,圣何塞,161 ms
104.19.93.193,SJC,北美洲,圣何塞,161 ms
104.19.150.61,SJC,北美洲,圣何塞,161 ms
104.19.145.134,SJC,北美洲,圣何塞,161 ms
104.16.233.187,SJC,北美洲,圣何塞,161 ms
104.18.104.113,SJC,北美洲,圣何塞,161 ms
104.19.199.121,SJC,北美洲,圣何塞,161 ms
104.16.39.170,SJC,北美洲,圣何塞,161 ms
104.17.54.99,SJC,北美洲,圣何塞,162 ms
104.19.5.151,SJC,北美洲,圣何塞,162 ms
104.18.128.147,SJC,北美洲,圣何塞,162 ms
104.18.224.129,SJC,北美洲,圣何塞,162 ms
162.159.8.83,SJC,北美洲,圣何塞,162 ms
104.18.4.84,SJC,北美洲,圣何塞,162 ms
162.159.206.233,SJC,北美洲,圣何塞,162 ms
104.18.20.171,LAX,北美洲,洛杉矶,162 ms
104.17.247.104,SJC,北美洲,圣何塞,162 ms
172.64.80.207,SJC,北美洲,圣何塞,162 ms
104.17.187.251,SJC,北美洲,圣何塞,162 ms
172.65.224.237,FRA,欧洲,法兰克福,162 ms
104.16.41.20,SJC,北美洲,圣何塞,162 ms
104.19.197.53,SJC,北美洲,圣何塞,162 ms
104.18.197.125,SJC,北美洲,圣何塞,162 ms
104.18.235.119,SJC,北美洲,圣何塞,162 ms
104.18.0.16,SJC,北美洲,圣何塞,162 ms
104.19.251.172,LAX,北美洲,洛杉矶,162 ms
104.17.226.120,SJC,北美洲,圣何塞,162 ms
104.16.226.73,SJC,北美洲,圣何塞,162 ms
104.16.224.160,SJC,北美洲,圣何塞,162 ms
104.18.208.104,SJC,北美洲,圣何塞,162 ms
104.18.188.20,SJC,北美洲,圣何塞,162 ms
104.18.187.212,SJC,北美洲,圣何塞,162 ms
162.159.14.239,SJC,北美洲,圣何塞,162 ms
104.17.143.121,SJC,北美洲,圣何塞,162 ms
104.18.11.237,SJC,北美洲,圣何塞,162 ms
104.19.217.191,SJC,北美洲,圣何塞,162 ms
104.16.156.126,SJC,北美洲,圣何塞,162 ms
104.16.157.181,SJC,北美洲,圣何塞,162 ms
162.159.18.100,SJC,北美洲,圣何塞,162 ms
104.17.191.15,SJC,北美洲,圣何塞,162 ms
104.18.145.191,SJC,北美洲,圣何塞,162 ms
198.41.205.7,SJC,北美洲,圣何塞,162 ms
104.18.5.172,SJC,北美洲,圣何塞,162 ms
104.17.251.1,SJC,北美洲,圣何塞,162 ms
104.19.60.139,SJC,北美洲,圣何塞,163 ms
185.146.173.90,SJC,北美洲,圣何塞,163 ms
104.19.27.194,SJC,北美洲,圣何塞,163 ms
104.19.228.230,SJC,北美洲,圣何塞,163 ms
104.17.180.1,SJC,北美洲,圣何塞,163 ms
172.65.222.151,SJC,北美洲,圣何塞,163 ms
104.19.204.126,SJC,北美洲,圣何塞,163 ms
172.64.176.179,SJC,北美洲,圣何塞,163 ms
104.18.234.130,SJC,北美洲,圣何塞,163 ms
104.16.52.7,SJC,北美洲,圣何塞,163 ms
172.64.42.209,SJC,北美洲,圣何塞,163 ms
104.17.73.84,SJC,北美洲,圣何塞,163 ms
172.64.93.188,SJC,北美洲,圣何塞,163 ms
104.17.0.98,SJC,北美洲,圣何塞,163 ms
104.16.19.199,SJC,北美洲,圣何塞,163 ms
104.18.144.188,SJC,北美洲,圣何塞,163 ms
104.16.238.142,SJC,北美洲,圣何塞,163 ms
172.64.67.15,SJC,北美洲,圣何塞,163 ms
104.19.141.62,LAX,北美洲,洛杉矶,163 ms
104.19.91.228,SJC,北美洲,圣何塞,163 ms
104.18.9.189,SJC,北美洲,圣何塞,163 ms
104.19.63.102,SJC,北美洲,圣何塞,163 ms
104.18.47.72,SJC,北美洲,圣何塞,163 ms
104.17.178.85,SJC,北美洲,圣何塞,163 ms
104.18.250.85,SJC,北美洲,圣何塞,163 ms
104.19.240.249,LAX,北美洲,洛杉矶,164 ms
104.18.43.30,SJC,北美洲,圣何塞,164 ms
104.16.42.91,SJC,北美洲,圣何塞,164 ms
104.17.125.146,SJC,北美洲,圣何塞,164 ms
190.93.247.1,SJC,北美洲,圣何塞,164 ms
104.17.102.189,SJC,北美洲,圣何塞,164 ms
104.16.45.197,SJC,北美洲,圣何塞,164 ms
104.18.149.10,SJC,北美洲,圣何塞,164 ms
104.18.147.129,SJC,北美洲,圣何塞,164 ms
104.18.132.169,SJC,北美洲,圣何塞,164 ms
104.18.129.201,SJC,北美洲,圣何塞,164 ms
172.66.3.205,SJC,北美洲,圣何塞,164 ms
104.19.38.103,SJC,北美洲,圣何塞,164 ms
172.64.155.138,SJC,北美洲,圣何塞,164 ms
162.159.32.7,SJC,北美洲,圣何塞,164 ms
172.64.149.111,SJC,北美洲,圣何塞,164 ms
104.18.200.19,SJC,北美洲,圣何塞,164 ms
104.18.196.223,SJC,北美洲,圣何塞,164 ms
104.17.221.96,SJC,北美洲,圣何塞,164 ms
104.17.136.58,SJC,北美洲,圣何塞,164 ms
104.18.115.148,LAX,北美洲,洛杉矶,164 ms
104.19.153.173,SJC,北美洲,圣何塞,164 ms
104.19.6.17,SJC,北美洲,圣何塞,164 ms
104.19.4.243,SJC,北美洲,圣何塞,164 ms
162.159.62.14,SJC,北美洲,圣何塞,164 ms
162.159.252.27,LAX,北美洲,洛杉矶,164 ms
104.19.20.227,SJC,北美洲,圣何塞,164 ms
104.17.210.69,SJC,北美洲,圣何塞,164 ms
104.19.174.255,SJC,北美洲,圣何塞,165 ms
162.159.0.220,SJC,北美洲,圣何塞,165 ms
104.18.83.89,SJC,北美洲,圣何塞,165 ms
104.18.92.248,SJC,北美洲,圣何塞,165 ms
104.19.134.69,LAX,北美洲,洛杉矶,165 ms
104.16.247.143,SJC,北美洲,圣何塞,165 ms
104.17.207.248,SJC,北美洲,圣何塞,165 ms
104.19.81.39,SJC,北美洲,圣何塞,165 ms
172.65.243.181,SJC,北美洲,圣何塞,165 ms
104.18.119.205,LAX,北美洲,洛杉矶,165 ms
108.162.198.253,SJC,北美洲,圣何塞,165 ms
104.18.10.133,SJC,北美洲,圣何塞,165 ms
104.18.163.214,SJC,北美洲,圣何塞,165 ms
104.18.155.247,SJC,北美洲,圣何塞,165 ms
104.20.42.170,FRA,欧洲,法兰克福,165 ms
104.17.62.161,SJC,北美洲,圣何塞,165 ms
104.19.98.132,SJC,北美洲,圣何塞,165 ms
104.17.150.230,SJC,北美洲,圣何塞,165 ms
104.19.195.239,SJC,北美洲,圣何塞,165 ms
162.159.17.169,SJC,北美洲,圣何塞,165 ms
104.19.51.80,SJC,北美洲,圣何塞,165 ms
104.18.86.0,SJC,北美洲,圣何塞,165 ms
104.17.208.246,SJC,北美洲,圣何塞,165 ms
104.19.112.184,SJC,北美洲,圣何塞,165 ms
104.19.8.159,SJC,北美洲,圣何塞,165 ms
198.41.222.177,SJC,北美洲,圣何塞,165 ms
104.21.227.181,LAX,北美洲,洛杉矶,165 ms
104.17.80.176,SJC,北美洲,圣何塞,165 ms
104.19.24.250,SJC,北美洲,圣何塞,165 ms
104.17.199.49,SJC,北美洲,圣何塞,165 ms
104.17.190.249,SJC,北美洲,圣何塞,165 ms
104.16.253.154,SJC,北美洲,圣何塞,165 ms
104.18.240.131,SJC,北美洲,圣何塞,166 ms
104.18.239.57,SJC,北美洲,圣何塞,166 ms
162.159.19.188,SJC,北美洲,圣何塞,166 ms
104.17.36.148,SJC,北美洲,圣何塞,166 ms
104.17.59.28,SJC,北美洲,圣何塞,166 ms
104.18.30.248,LAX,北美洲,洛杉矶,166 ms
104.17.200.203,SJC,北美洲,圣何塞,166 ms
104.18.1.48,SJC,北美洲,圣何塞,166 ms
104.18.223.185,SJC,北美洲,圣何塞,166 ms
104.19.35.127,SJC,北美洲,圣何塞,166 ms
104.17.26.146,SJC,北美洲,圣何塞,166 ms
104.16.205.227,SJC,北美洲,圣何塞,166 ms
162.159.250.246,LAX,北美洲,洛杉矶,166 ms
108.162.195.143,SJC,北美洲,圣何塞,166 ms
104.16.152.43,SJC,北美洲,圣何塞,166 ms
104.18.25.43,LAX,北美洲,洛杉矶,166 ms
104.18.24.89,LAX,北美洲,洛杉矶,166 ms
104.17.225.35,SJC,北美洲,圣何塞,166 ms
198.41.204.60,SJC,北美洲,圣何塞,166 ms
104.19.142.252,LAX,北美洲,洛杉矶,166 ms
104.18.244.205,SJC,北美洲,圣何塞,166 ms
104.19.188.253,SJC,北美洲,圣何塞,166 ms
172.64.52.60,SJC,北美洲,圣何塞,166 ms
104.18.210.225,SJC,北美洲,圣何塞,166 ms
172.64.32.232,SJC,北美洲,圣何塞,166 ms
104.19.252.205,LAX,北美洲,洛杉矶,166 ms
172.64.40.95,LAX,北美洲,洛杉矶,166 ms
104.17.171.60,SJC,北美洲,圣何塞,166 ms
104.17.183.82,SJC,北美洲,圣何塞,166 ms
104.18.101.59,SJC,北美洲,圣何塞,166 ms
104.18.105.234,SJC,北美洲,圣何塞,166 ms
104.19.44.5,SJC,北美洲,圣何塞,166 ms
104.19.41.88,SJC,北美洲,圣何塞,166 ms
141.101.114.182,SJC,北美洲,圣何塞,166 ms
104.18.236.13,SJC,北美洲,圣何塞,166 ms
104.21.228.115,LAX,北美洲,洛杉矶,166 ms
104.21.225.37,LAX,北美洲,洛杉矶,166 ms
104.19.164.26,SJC,北美洲,圣何塞,166 ms
104.19.216.163,SJC,北美洲,圣何塞,166 ms
104.18.179.198,SJC,北美洲,圣何塞,166 ms
104.19.21.76,SJC,北美洲,圣何塞,166 ms
104.19.13.42,SJC,北美洲,圣何塞,166 ms
104.19.92.244,SJC,北美洲,圣何塞,166 ms
104.17.29.104,SJC,北美洲,圣何塞,166 ms
104.17.34.25,SJC,北美洲,圣何塞,166 ms
104.19.57.159,SJC,北美洲,圣何塞,166 ms
104.18.230.176,SJC,北美洲,圣何塞,167 ms
162.159.236.81,SJC,北美洲,圣何塞,167 ms
104.17.22.29,SJC,北美洲,圣何塞,167 ms
104.18.245.120,SJC,北美洲,圣何塞,167 ms
104.16.195.72,SJC,北美洲,圣何塞,167 ms
104.16.188.61,SJC,北美洲,圣何塞,167 ms
104.17.41.82,SJC,北美洲,圣何塞,167 ms
162.159.39.253,LAX,北美洲,洛杉矶,167 ms
104.18.143.105,SJC,北美洲,圣何塞,167 ms
104.18.138.227,SJC,北美洲,圣何塞,167 ms
104.18.205.160,SJC,北美洲,圣何塞,167 ms
104.16.159.71,SJC,北美洲,圣何塞,167 ms
104.18.64.163,SJC,北美洲,圣何塞,167 ms
104.17.197.143,SJC,北美洲,圣何塞,167 ms
104.17.98.17,SJC,北美洲,圣何塞,167 ms
198.41.198.80,SJC,北美洲,圣何塞,167 ms
104.19.119.93,SJC,北美洲,圣何塞,167 ms
104.17.56.12,SJC,北美洲,圣何塞,167 ms
104.16.201.41,SJC,北美洲,圣何塞,167 ms
162.159.251.239,LAX,北美洲,洛杉矶,167 ms
104.17.134.201,SJC,北美洲,圣何塞,167 ms
104.19.229.11,SJC,北美洲,圣何塞,167 ms
104.16.54.36,SJC,北美洲,圣何塞,167 ms
104.18.121.156,LAX,北美洲,洛杉矶,167 ms
104.17.1.30,SJC,北美洲,圣何塞,167 ms
104.19.177.148,SJC,北美洲,圣何塞,167 ms
104.19.182.150,SJC,北美洲,圣何塞,167 ms
104.17.236.34,SJC,北美洲,圣何塞,167 ms
172.64.145.36,SJC,北美洲,圣何塞,167 ms
104.17.127.126,SJC,北美洲,圣何塞,167 ms
104.17.126.185,SJC,北美洲,圣何塞,167 ms
172.65.216.226,CDG,欧洲,巴黎,167 ms
172.64.95.128,SJC,北美洲,圣何塞,167 ms
104.18.54.69,SJC,北美洲,圣何塞,167 ms
104.19.162.138,SJC,北美洲,圣何塞,167 ms
104.17.108.194,SJC,北美洲,圣何塞,167 ms
104.17.112.164,SJC,北美洲,圣何塞,167 ms
104.18.133.221,SJC,北美洲,圣何塞,167 ms
104.19.213.163,SJC,北美洲,圣何塞,167 ms
104.18.168.234,SJC,北美洲,圣何塞,167 ms
104.19.191.117,SJC,北美洲,圣何塞,167 ms
104.22.4.19,FRA,欧洲,法兰克福,168 ms
104.19.203.18,SJC,北美洲,圣何塞,168 ms
104.16.239.83,SJC,北美洲,圣何塞,168 ms
104.18.142.227,SJC,北美洲,圣何塞,168 ms
104.18.32.113,SJC,北美洲,圣何塞,168 ms
104.18.80.128,SJC,北美洲,圣何塞,168 ms
104.17.153.149,SJC,北美洲,圣何塞,168 ms
104.17.175.90,SJC,北美洲,圣何塞,168 ms
104.19.49.85,SJC,北美洲,圣何塞,168 ms
104.25.49.179,FRA,欧洲,法兰克福,168 ms
104.18.113.246,LAX,北美洲,洛杉矶,168 ms
104.19.37.236,SJC,北美洲,圣何塞,168 ms
104.17.246.115,SJC,北美洲,圣何塞,168 ms
104.18.135.20,SJC,北美洲,圣何塞,168 ms
104.18.131.32,SJC,北美洲,圣何塞,168 ms
104.19.110.127,SJC,北美洲,圣何塞,168 ms
104.19.237.7,SJC,北美洲,圣何塞,168 ms
104.16.246.76,SJC,北美洲,圣何塞,168 ms
172.65.212.14,SJC,北美洲,圣何塞,168 ms
104.17.120.228,SJC,北美洲,圣何塞,168 ms
162.159.48.210,SJC,北美洲,圣何塞,168 ms
104.17.253.141,SJC,北美洲,圣何塞,168 ms
104.18.170.68,SJC,北美洲,圣何塞,168 ms
104.16.53.25,SJC,北美洲,圣何塞,168 ms
172.66.2.53,SJC,北美洲,圣何塞,168 ms
172.66.43.23,SJC,北美洲,圣何塞,168 ms
104.19.73.15,SJC,北美洲,圣何塞,168 ms
104.17.217.158,SJC,北美洲,圣何塞,168 ms
104.17.83.27,SJC,北美洲,圣何塞,169 ms
104.19.143.21,LAX,北美洲,洛杉矶,169 ms
104.19.140.161,LAX,北美洲,洛杉矶,169 ms
104.19.187.105,SJC,北美洲,圣何塞,169 ms
104.16.6.20,SJC,北美洲,圣何塞,169 ms
103.21.244.208,SJC,北美洲,圣何塞,169 ms
104.19.245.50,LAX,北美洲,洛杉矶,169 ms
104.17.147.130,SJC,北美洲,圣何塞,169 ms
104.19.0.100,SJC,北美洲,圣何塞,169 ms
104.18.251.218,SJC,北美洲,圣何塞,169 ms
198.41.193.163,SJC,北美洲,圣何塞,169 ms
104.18.65.0,SJC,北美洲,圣何塞,169 ms
172.65.244.9,SJC,北美洲,圣何塞,169 ms
104.19.61.139,SJC,北美洲,圣何塞,169 ms
104.19.55.243,SJC,北美洲,圣何塞,169 ms
104.19.71.161,SJC,北美洲,圣何塞,169 ms
162.159.242.199,LAX,北美洲,洛杉矶,169 ms
162.159.248.153,LAX,北美洲,洛杉矶,169 ms
104.27.113.80,FRA,欧洲,法兰克福,169 ms
172.64.153.196,SJC,北美洲,圣何塞,169 ms
104.17.168.81,SJC,北美洲,圣何塞,169 ms
104.18.56.255,SJC,北美洲,圣何塞,169 ms
104.19.152.51,SJC,北美洲,圣何塞,169 ms
104.19.154.92,SJC,北美洲,圣何塞,169 ms
104.17.3.169,SJC,北美洲,圣何塞,169 ms
104.22.41.7,FRA,欧洲,法兰克福,169 ms
104.18.176.188,SJC,北美洲,圣何塞,169 ms
104.18.180.120,SJC,北美洲,圣何塞,169 ms
104.17.254.246,SJC,北美洲,圣何塞,169 ms
104.17.202.129,SJC,北美洲,圣何塞,169 ms
104.19.89.108,SJC,北美洲,圣何塞,169 ms
104.19.87.82,SJC,北美洲,圣何塞,169 ms
104.18.88.96,SJC,北美洲,圣何塞,169 ms
104.19.225.227,SJC,北美洲,圣何塞,169 ms
104.16.24.16,SJC,北美洲,圣何塞,169 ms
172.64.98.66,SFO,北美洲,旧金山,169 ms
104.16.59.93,SJC,北美洲,圣何塞,169 ms
162.159.249.150,LAX,北美洲,洛杉矶,169 ms
104.16.38.3,SJC,北美洲,圣何塞,169 ms
104.16.211.142,SJC,北美洲,圣何塞,169 ms
104.16.216.83,SJC,北美洲,圣何塞,169 ms
104.18.215.170,SJC,北美洲,圣何塞,169 ms
104.18.218.62,SJC,北美洲,圣何塞,169 ms
104.18.50.196,SJC,北美洲,圣何塞,169 ms
104.19.127.56,SJC,北美洲,圣何塞,169 ms
104.19.125.29,SJC,北美洲,圣何塞,169 ms
104.16.223.78,SJC,北美洲,圣何塞,169 ms
198.41.203.230,SJC,北美洲,圣何塞,169 ms
198.41.197.185,SJC,北美洲,圣何塞,169 ms
104.18.35.108,SJC,北美洲,圣何塞,169 ms
172.64.144.221,SJC,北美洲,圣何塞,169 ms
172.67.173.158,AMS,欧洲,阿姆斯特丹,169 ms
104.21.54.77,AMS,欧洲,阿姆斯特丹,169 ms
104.21.53.52,AMS,欧洲,阿姆斯特丹,169 ms
104.17.52.89,SJC,北美洲,圣何塞,169 ms
104.17.61.204,SJC,北美洲,圣何塞,169 ms
104.19.16.110,SJC,北美洲,圣何塞,170 ms
104.19.161.15,SJC,北美洲,圣何塞,170 ms
104.18.118.127,LAX,北美洲,洛杉矶,170 ms
162.159.61.71,SJC,北美洲,圣何塞,170 ms
172.65.206.128,SJC,北美洲,圣何塞,170 ms
1.0.0.87,SJC,北美洲,圣何塞,170 ms
198.41.208.196,SJC,北美洲,圣何塞,170 ms
104.24.254.154,FRA,欧洲,法兰克福,170 ms
104.18.106.102,SJC,北美洲,圣何塞,170 ms
172.64.53.21,SJC,北美洲,圣何塞,170 ms
104.17.181.49,SJC,北美洲,圣何塞,170 ms
104.19.95.182,SJC,北美洲,圣何塞,170 ms
104.16.14.8,SJC,北美洲,圣何塞,170 ms
104.16.214.113,SJC,北美洲,圣何塞,170 ms
104.21.97.6,AMS,欧洲,阿姆斯特丹,170 ms
104.19.208.231,SJC,北美洲,圣何塞,170 ms
104.19.90.191,SJC,北美洲,圣何塞,170 ms
104.19.52.201,SJC,北美洲,圣何塞,170 ms
104.18.241.234,SJC,北美洲,圣何塞,170 ms
104.19.234.73,SJC,北美洲,圣何塞,170 ms
104.17.174.181,SJC,北美洲,圣何塞,170 ms
104.16.220.72,SJC,北美洲,圣何塞,170 ms
172.64.87.140,SJC,北美洲,圣何塞,170 ms
104.18.82.196,SJC,北美洲,圣何塞,170 ms
104.16.221.108,SJC,北美洲,圣何塞,170 ms
104.16.28.77,SJC,北美洲,圣何塞,170 ms
104.21.229.102,LAX,北美洲,洛杉矶,170 ms
104.19.200.12,SJC,北美洲,圣何塞,170 ms
104.16.203.174,SJC,北美洲,圣何塞,170 ms
104.17.66.82,SJC,北美洲,圣何塞,170 ms
104.21.34.35,AMS,欧洲,阿姆斯特丹,170 ms
104.19.194.10,SJC,北美洲,圣何塞,170 ms
162.159.2.134,SJC,北美洲,圣何塞,170 ms
104.17.141.171,SJC,北美洲,圣何塞,170 ms
172.64.96.134,SFO,北美洲,旧金山,170 ms
104.16.235.164,SJC,北美洲,圣何塞,170 ms
104.16.232.91,SJC,北美洲,圣何塞,170 ms
104.17.35.194,SJC,北美洲,圣何塞,170 ms
104.17.30.191,SJC,北美洲,圣何塞,170 ms
104.19.178.25,SJC,北美洲,圣何塞,170 ms
172.67.184.79,AMS,欧洲,阿姆斯特丹,170 ms
104.18.154.58,SJC,北美洲,圣何塞,170 ms
104.18.89.226,SJC,北美洲,圣何塞,170 ms
104.18.31.70,LAX,北美洲,洛杉矶,170 ms
141.101.122.40,SJC,北美洲,圣何塞,170 ms
104.19.39.62,SJC,北美洲,圣何塞,170 ms
104.19.42.218,SJC,北美洲,圣何塞,170 ms
104.19.106.0,SJC,北美洲,圣何塞,170 ms
104.16.191.238,SJC,北美洲,圣何塞,170 ms
104.19.14.98,SJC,北美洲,圣何塞,170 ms
104.18.247.253,SJC,北美洲,圣何塞,170 ms
104.19.220.69,SJC,北美洲,圣何塞,171 ms
104.19.222.30,SJC,北美洲,圣何塞,171 ms
172.64.230.247,SJC,北美洲,圣何塞,171 ms
104.19.130.185,LAX,北美洲,洛杉矶,171 ms
104.17.131.27,SJC,北美洲,圣何塞,171 ms
172.64.85.140,SJC,北美洲,圣何塞,171 ms
172.64.88.169,SJC,北美洲,圣何塞,171 ms
104.17.184.52,SJC,北美洲,圣何塞,171 ms
162.159.58.208,SJC,北美洲,圣何塞,171 ms
104.19.181.32,SJC,北美洲,圣何塞,171 ms
104.18.97.238,SJC,北美洲,圣何塞,171 ms
104.18.96.169,SJC,北美洲,圣何塞,171 ms
104.17.109.169,SJC,北美洲,圣何塞,171 ms
104.18.169.57,SJC,北美洲,圣何塞,171 ms
104.16.57.128,SJC,北美洲,圣何塞,171 ms
104.18.22.117,LAX,北美洲,洛杉矶,171 ms
104.16.207.191,SJC,北美洲,圣何塞,171 ms
162.159.254.216,LAX,北美洲,洛杉矶,171 ms
104.27.206.169,FRA,欧洲,法兰克福,171 ms
172.67.138.243,AMS,欧洲,阿姆斯特丹,171 ms
104.17.92.37,SJC,北美洲,圣何塞,171 ms
104.17.8.188,SJC,北美洲,圣何塞,171 ms
104.17.15.236,SJC,北美洲,圣何塞,171 ms
104.27.16.106,FRA,欧洲,法兰克福,171 ms
104.17.215.193,SJC,北美洲,圣何塞,171 ms
104.17.219.50,SJC,北美洲,圣何塞,171 ms
104.18.71.93,SJC,北美洲,圣何塞,171 ms
104.19.249.235,LAX,北美洲,洛杉矶,171 ms
104.19.244.198,LAX,北美洲,洛杉矶,171 ms
104.21.212.97,AMS,欧洲,阿姆斯特丹,171 ms
104.19.136.31,LAX,北美洲,洛杉矶,171 ms
104.24.218.63,FRA,欧洲,法兰克福,171 ms
104.17.121.239,SJC,北美洲,圣何塞,171 ms
104.18.202.3,SJC,北美洲,圣何塞,171 ms
104.18.203.179,SJC,北美洲,圣何塞,171 ms
104.17.151.180,SJC,北美洲,圣何塞,171 ms
104.17.146.16,SJC,北美洲,圣何塞,171 ms
104.17.124.38,SJC,北美洲,圣何塞,171 ms
104.17.123.238,SJC,北美洲,圣何塞,171 ms
172.64.50.64,SJC,北美洲,圣何塞,171 ms
104.17.82.164,SJC,北美洲,圣何塞,171 ms
104.18.51.207,SJC,北美洲,圣何塞,171 ms
104.18.60.51,SJC,北美洲,圣何塞,171 ms
104.18.207.22,SJC,北美洲,圣何塞,171 ms
104.18.212.65,SJC,北美洲,圣何塞,171 ms
104.18.206.25,SJC,北美洲,圣何塞,171 ms
104.17.19.114,SJC,北美洲,圣何塞,171 ms
162.159.240.20,LAX,北美洲,洛杉矶,171 ms
162.159.253.193,LAX,北美洲,洛杉矶,172 ms
104.21.196.208,AMS,欧洲,阿姆斯特丹,172 ms
104.17.10.151,SJC,北美洲,圣何塞,172 ms
162.251.82.152,SJC,北美洲,圣何塞,172 ms
104.17.51.169,SJC,北美洲,圣何塞,172 ms
104.19.139.65,LAX,北美洲,洛杉矶,172 ms
104.19.137.99,LAX,北美洲,洛杉矶,172 ms
104.20.203.238,FRA,欧洲,法兰克福,172 ms
104.19.165.235,SJC,北美洲,圣何塞,172 ms
104.16.245.205,SJC,北美洲,圣何塞,172 ms
104.21.6.204,AMS,欧洲,阿姆斯特丹,172 ms
104.17.201.253,SJC,北美洲,圣何塞,172 ms
104.19.250.103,LAX,北美洲,洛杉矶,172 ms
162.159.247.253,LAX,北美洲,洛杉矶,172 ms
172.67.145.174,AMS,欧洲,阿姆斯特丹,172 ms
104.19.231.42,SJC,北美洲,圣何塞,172 ms
172.66.45.36,SJC,北美洲,圣何塞,172 ms
172.64.83.85,SJC,北美洲,圣何塞,172 ms
104.17.192.179,SJC,北美洲,圣何塞,172 ms
104.16.27.54,SJC,北美洲,圣何塞,172 ms
104.20.136.253,FRA,欧洲,法兰克福,172 ms
104.18.100.149,SJC,北美洲,圣何塞,172 ms
104.18.107.220,SJC,北美洲,圣何塞,172 ms
162.159.246.92,LAX,北美洲,洛杉矶,172 ms
104.17.91.87,SJC,北美洲,圣何塞,172 ms
104.19.156.75,SJC,北美洲,圣何塞,172 ms
104.16.219.142,SJC,北美洲,圣何塞,172 ms
162.159.213.3,SFO,北美洲,旧金山,172 ms
104.16.18.76,SJC,北美洲,圣何塞,172 ms
172.64.91.95,SJC,北美洲,圣何塞,172 ms
104.18.57.11,SJC,北美洲,圣何塞,172 ms
104.20.39.195,FRA,欧洲,法兰克福,172 ms
104.19.99.83,SJC,北美洲,圣何塞,172 ms
172.67.6.103,FRA,欧洲,法兰克福,172 ms
104.24.140.58,FRA,欧洲,法兰克福,172 ms
172.67.112.252,FRA,欧洲,法兰克福,172 ms
104.19.46.132,SJC,北美洲,圣何塞,172 ms
172.67.150.142,AMS,欧洲,阿姆斯特丹,172 ms
104.17.118.196,SJC,北美洲,圣何塞,172 ms
104.17.115.240,SJC,北美洲,圣何塞,172 ms
172.67.168.195,AMS,欧洲,阿姆斯特丹,172 ms
104.21.235.233,LAX,北美洲,洛杉矶,172 ms
162.159.241.131,LAX,北美洲,洛杉矶,172 ms
104.16.30.59,SJC,北美洲,圣何塞,172 ms
104.18.15.119,SJC,北美洲,圣何塞,173 ms
104.18.18.77,LAX,北美洲,洛杉矶,173 ms
104.17.7.143,SJC,北美洲,圣何塞,173 ms
104.17.5.37,SJC,北美洲,圣何塞,173 ms
104.19.211.211,SJC,北美洲,圣何塞,173 ms
104.25.59.157,FRA,欧洲,法兰克福,173 ms
104.23.125.156,FRA,欧洲,法兰克福,173 ms
104.16.91.238,SJC,北美洲,圣何塞,173 ms
104.21.106.11,AMS,欧洲,阿姆斯特丹,173 ms
104.21.201.20,AMS,欧洲,阿姆斯特丹,173 ms
104.19.202.163,SJC,北美洲,圣何塞,173 ms
104.19.34.24,SJC,北美洲,圣何塞,173 ms
104.20.77.234,FRA,欧洲,法兰克福,173 ms
162.159.11.68,SJC,北美洲,圣何塞,173 ms
66.235.200.103,SJC,北美洲,圣何塞,173 ms
141.101.115.153,SJC,北美洲,圣何塞,173 ms
104.25.8.13,FRA,欧洲,法兰克福,173 ms
104.24.50.24,FRA,欧洲,法兰克福,173 ms
104.20.200.42,FRA,欧洲,法兰克福,173 ms
104.21.38.203,AMS,欧洲,阿姆斯特丹,173 ms
104.19.241.145,LAX,北美洲,洛杉矶,173 ms
104.20.111.252,FRA,欧洲,法兰克福,173 ms
198.41.201.251,SJC,北美洲,圣何塞,173 ms
104.20.204.152,FRA,欧洲,法兰克福,173 ms
108.162.193.248,SJC,北美洲,圣何塞,173 ms
104.18.125.254,LAX,北美洲,洛杉矶,173 ms
104.17.103.147,SJC,北美洲,圣何塞,173 ms
104.18.48.6,SJC,北美洲,圣何塞,173 ms
104.18.52.247,SJC,北美洲,圣何塞,173 ms
104.18.45.60,SJC,北美洲,圣何塞,173 ms
104.19.50.53,SJC,北美洲,圣何塞,173 ms
104.18.219.172,SJC,北美洲,圣何塞,173 ms
104.19.116.235,SJC,北美洲,圣何塞,173 ms
162.159.207.195,SJC,北美洲,圣何塞,173 ms
104.16.25.190,SJC,北美洲,圣何塞,173 ms
104.19.235.121,SJC,北美洲,圣何塞,173 ms
172.64.151.90,SJC,北美洲,圣何塞,173 ms
141.101.121.8,SJC,北美洲,圣何塞,173 ms
141.101.120.233,SJC,北美洲,圣何塞,173 ms
104.18.141.63,SJC,北美洲,圣何塞,173 ms
104.16.73.54,SJC,北美洲,圣何塞,173 ms
172.65.247.124,SJC,北美洲,圣何塞,173 ms
104.19.40.144,SJC,北美洲,圣何塞,173 ms
104.17.68.170,SJC,北美洲,圣何塞,173 ms
104.17.72.17,SJC,北美洲,圣何塞,173 ms
162.159.12.155,SJC,北美洲,圣何塞,173 ms
104.20.94.149,FRA,欧洲,法兰克福,173 ms
104.18.67.133,SJC,北美洲,圣何塞,173 ms
104.18.69.103,SJC,北美洲,圣何塞,173 ms
104.17.232.64,SJC,北美洲,圣何塞,173 ms
104.19.205.220,SJC,北美洲,圣何塞,173 ms
104.17.169.97,SJC,北美洲,圣何塞,173 ms
104.21.224.112,LAX,北美洲,洛杉矶,173 ms
108.162.194.79,SJC,北美洲,圣何塞,174 ms
104.16.153.114,SJC,北美洲,圣何塞,174 ms
104.19.85.197,SJC,北美洲,圣何塞,174 ms
104.21.102.152,AMS,欧洲,阿姆斯特丹,174 ms
104.25.178.16,FRA,欧洲,法兰克福,174 ms
104.16.49.62,SJC,北美洲,圣何塞,174 ms
190.93.246.47,SJC,北美洲,圣何塞,174 ms
104.17.57.30,SJC,北美洲,圣何塞,174 ms
104.19.184.64,SJC,北美洲,圣何塞,174 ms
104.19.7.81,SJC,北美洲,圣何塞,174 ms
198.41.195.74,SJC,北美洲,圣何塞,174 ms
172.67.161.28,AMS,欧洲,阿姆斯特丹,174 ms
104.25.31.140,FRA,欧洲,法兰克福,174 ms
104.19.114.97,SJC,北美洲,圣何塞,174 ms
104.19.111.156,SJC,北美洲,圣何塞,174 ms
104.17.104.171,SJC,北美洲,圣何塞,174 ms
162.159.245.5,LAX,北美洲,洛杉矶,174 ms
172.67.34.100,FRA,欧洲,法兰克福,174 ms
104.25.18.199,FRA,欧洲,法兰克福,174 ms
104.18.185.125,SJC,北美洲,圣何塞,174 ms
104.19.129.163,LAX,北美洲,洛杉矶,174 ms
104.22.6.58,FRA,欧洲,法兰克福,174 ms
104.18.90.32,SJC,北美洲,圣何塞,174 ms
104.16.76.93,SJC,北美洲,圣何塞,174 ms
172.67.11.85,FRA,欧洲,法兰克福,174 ms
104.17.222.186,SJC,北美洲,圣何塞,174 ms
104.19.170.128,SJC,北美洲,圣何塞,174 ms
104.19.172.216,SJC,北美洲,圣何塞,174 ms
104.18.140.179,SJC,北美洲,圣何塞,174 ms
104.26.10.78,FRA,欧洲,法兰克福,174 ms
172.67.233.19,AMS,欧洲,阿姆斯特丹,174 ms
104.19.233.113,SJC,北美洲,圣何塞,174 ms
104.18.159.181,SJC,北美洲,圣何塞,174 ms
104.16.209.41,SJC,北美洲,圣何塞,174 ms
104.16.208.196,SJC,北美洲,圣何塞,174 ms
104.24.94.210,FRA,欧洲,法兰克福,174 ms
104.19.221.239,SJC,北美洲,圣何塞,174 ms
104.19.218.205,SJC,北美洲,圣何塞,174 ms
172.64.49.42,SJC,北美洲,圣何塞,174 ms
104.19.17.229,SJC,北美洲,圣何塞,174 ms
172.64.158.189,SJC,北美洲,圣何塞,174 ms
104.16.215.53,SJC,北美洲,圣何塞,174 ms
104.18.61.114,SJC,北美洲,圣何塞,174 ms
104.18.59.47,SJC,北美洲,圣何塞,174 ms
104.19.28.176,SJC,北美洲,圣何塞,174 ms
104.20.41.124,FRA,欧洲,法兰克福,174 ms
104.17.63.79,SJC,北美洲,圣何塞,174 ms
104.16.231.236,SJC,北美洲,圣何塞,174 ms
104.17.128.200,SJC,北美洲,圣何塞,174 ms
104.18.183.218,SJC,北美洲,圣何塞,174 ms
104.17.154.175,SJC,北美洲,圣何塞,174 ms
104.17.163.190,SJC,北美洲,圣何塞,174 ms
104.18.34.118,SJC,北美洲,圣何塞,174 ms
172.66.47.195,SJC,北美洲,圣何塞,174 ms
104.17.2.68,SJC,北美洲,圣何塞,174 ms
104.19.166.236,SJC,北美洲,圣何塞,175 ms
172.64.82.107,SJC,北美洲,圣何塞,175 ms
104.19.107.26,SJC,北美洲,圣何塞,175 ms
104.19.36.130,SJC,北美洲,圣何塞,175 ms
104.17.148.138,SJC,北美洲,圣何塞,175 ms
104.17.152.55,SJC,北美洲,圣何塞,175 ms
104.16.202.255,SJC,北美洲,圣何塞,175 ms
104.24.95.189,FRA,欧洲,法兰克福,175 ms
104.19.155.5,SJC,北美洲,圣何塞,175 ms
104.18.248.121,SJC,北美洲,圣何塞,175 ms
104.17.239.70,SJC,北美洲,圣何塞,175 ms
104.17.205.25,SJC,北美洲,圣何塞,175 ms
104.20.154.146,FRA,欧洲,法兰克福,175 ms
104.17.107.37,SJC,北美洲,圣何塞,175 ms
104.17.110.199,SJC,北美洲,圣何塞,175 ms
104.16.248.181,SJC,北美洲,圣何塞,175 ms
104.16.249.48,SJC,北美洲,圣何塞,175 ms
104.19.175.139,SJC,北美洲,圣何塞,175 ms
104.27.117.107,FRA,欧洲,法兰克福,175 ms
104.19.255.173,LAX,北美洲,洛杉矶,175 ms
104.16.212.218,SJC,北美洲,圣何塞,175 ms
104.16.60.84,SJC,北美洲,圣何塞,175 ms
104.17.65.222,SJC,北美洲,圣何塞,175 ms
172.67.37.230,FRA,欧洲,法兰克福,175 ms
172.64.148.191,SJC,北美洲,圣何塞,175 ms
104.20.181.27,FRA,欧洲,法兰克福,175 ms
104.19.223.225,SJC,北美洲,圣何塞,175 ms
104.19.242.168,LAX,北美洲,洛杉矶,175 ms
104.19.236.88,SJC,北美洲,圣何塞,175 ms
104.25.240.101,FRA,欧洲,法兰克福,175 ms
104.18.166.52,SJC,北美洲,圣何塞,175 ms
162.159.212.68,AUS,北美洲,奥斯汀,175 ms
172.67.142.50,AMS,欧洲,阿姆斯特丹,175 ms
104.19.122.79,SJC,北美洲,圣何塞,175 ms
104.19.120.43,SJC,北美洲,圣何塞,175 ms
104.16.151.21,SJC,北美洲,圣何塞,175 ms
104.18.178.4,SJC,北美洲,圣何塞,175 ms
162.159.60.26,SJC,北美洲,圣何塞,175 ms
104.16.36.119,SJC,北美洲,圣何塞,175 ms
104.18.94.112,SJC,北美洲,圣何塞,175 ms
104.19.65.79,SJC,北美洲,圣何塞,175 ms
104.19.67.5,SJC,北美洲,圣何塞,175 ms
104.21.107.96,AMS,欧洲,阿姆斯特丹,175 ms
104.17.138.162,SJC,北美洲,圣何塞,175 ms
104.16.47.81,SJC,北美洲,圣何塞,175 ms
104.18.7.37,SJC,北美洲,圣何塞,175 ms
104.19.215.118,SJC,北美洲,圣何塞,175 ms
104.19.33.45,SJC,北美洲,圣何塞,175 ms
172.67.181.36,AMS,欧洲,阿姆斯特丹,175 ms
104.20.84.96,FRA,欧洲,法兰克福,175 ms
162.159.243.160,LAX,北美洲,洛杉矶,175 ms
104.24.6.122,FRA,欧洲,法兰克福,175 ms
104.21.239.20,LAX,北美洲,洛杉矶,175 ms
104.19.173.88,SJC,北美洲,圣何塞,175 ms
172.67.8.190,FRA,欧洲,法兰克福,175 ms
104.20.197.63,FRA,欧洲,法兰克福,175 ms
104.18.73.204,SJC,北美洲,圣何塞,175 ms
104.18.74.124,SJC,北美洲,圣何塞,175 ms
104.19.59.137,SJC,北美洲,圣何塞,175 ms
104.18.242.48,SJC,北美洲,圣何塞,175 ms
104.17.46.71,SJC,北美洲,圣何塞,175 ms
172.64.81.56,SJC,北美洲,圣何塞,175 ms
104.19.248.193,LAX,北美洲,洛杉矶,176 ms
162.159.5.237,SJC,北美洲,圣何塞,176 ms
162.159.1.17,SJC,北美洲,圣何塞,176 ms
104.27.198.14,FRA,欧洲,法兰克福,176 ms
172.67.15.89,FRA,欧洲,法兰克福,176 ms
172.67.172.24,AMS,欧洲,阿姆斯特丹,176 ms
104.16.15.215,SJC,北美洲,圣何塞,176 ms
104.25.125.218,FRA,欧洲,法兰克福,176 ms
104.19.253.88,LAX,北美洲,洛杉矶,176 ms
104.18.192.242,SJC,北美洲,圣何塞,176 ms
104.17.21.117,SJC,北美洲,圣何塞,176 ms
104.19.54.75,SJC,北美洲,圣何塞,176 ms
104.19.47.189,SJC,北美洲,圣何塞,176 ms
104.17.84.39,SJC,北美洲,圣何塞,176 ms
104.17.76.244,SJC,北美洲,圣何塞,176 ms
104.19.183.64,SJC,北美洲,圣何塞,176 ms
104.18.153.194,SJC,北美洲,圣何塞,176 ms
104.18.152.40,SJC,北美洲,圣何塞,176 ms
104.16.56.243,SJC,北美洲,圣何塞,176 ms
104.18.220.253,SJC,北美洲,圣何塞,176 ms
173.245.59.83,SJC,北美洲,圣何塞,176 ms
172.67.250.227,AMS,欧洲,阿姆斯特丹,176 ms
104.25.197.153,FRA,欧洲,法兰克福,176 ms
104.18.108.94,SJC,北美洲,圣何塞,176 ms
104.20.237.41,FRA,欧洲,法兰克福,176 ms
104.25.63.208,FRA,欧洲,法兰克福,176 ms
104.18.41.159,SJC,北美洲,圣何塞,176 ms
104.18.36.214,LAX,北美洲,洛杉矶,176 ms
162.159.152.165,FRA,欧洲,法兰克福,176 ms
104.20.48.107,FRA,欧洲,法兰克福,176 ms
104.16.40.80,SJC,北美洲,圣何塞,176 ms
104.19.97.197,SJC,北美洲,圣何塞,176 ms
172.67.50.118,FRA,欧洲,法兰克福,176 ms
104.17.100.234,SJC,北美洲,圣何塞,176 ms
104.16.50.246,SJC,北美洲,圣何塞,176 ms
104.18.123.134,LAX,北美洲,洛杉矶,176 ms
104.18.117.49,LAX,北美洲,洛杉矶,176 ms
104.16.17.213,SJC,北美洲,圣何塞,176 ms
104.21.98.59,AMS,欧洲,阿姆斯特丹,176 ms
104.16.22.70,SJC,北美洲,圣何塞,176 ms
104.24.139.93,FRA,欧洲,法兰克福,176 ms
104.17.165.175,SJC,北美洲,圣何塞,176 ms
104.22.49.22,FRA,欧洲,法兰克福,176 ms
104.16.187.148,SJC,北美洲,圣何塞,176 ms
104.17.248.246,SJC,北美洲,圣何塞,176 ms
104.17.255.210,SJC,北美洲,圣何塞,176 ms
104.17.18.222,SJC,北美洲,圣何塞,176 ms
104.16.62.242,SJC,北美洲,圣何塞,176 ms
104.19.68.210,SJC,北美洲,圣何塞,176 ms
172.66.1.75,SJC,北美洲,圣何塞,176 ms
104.17.140.59,SJC,北美洲,圣何塞,176 ms
104.18.17.207,LAX,北美洲,洛杉矶,176 ms
104.17.198.192,SJC,北美洲,圣何塞,176 ms
104.19.48.111,SJC,北美洲,圣何塞,176 ms
104.16.150.216,SJC,北美洲,圣何塞,176 ms
104.19.247.232,LAX,北美洲,洛杉矶,176 ms
104.17.238.95,SJC,北美洲,圣何塞,176 ms
172.65.208.93,CDG,欧洲,巴黎,176 ms
104.18.19.237,LAX,北美洲,洛杉矶,176 ms
104.18.109.46,SJC,北美洲,圣何塞,176 ms
104.18.173.143,SJC,北美洲,圣何塞,176 ms
104.17.42.18,SJC,北美洲,圣何塞,177 ms
104.18.213.108,SJC,北美洲,圣何塞,177 ms
104.19.80.154,SJC,北美洲,圣何塞,177 ms
162.159.49.165,SJC,北美洲,圣何塞,177 ms
104.18.137.64,SJC,北美洲,圣何塞,177 ms
104.18.211.224,SJC,北美洲,圣何塞,177 ms
104.18.209.216,SJC,北美洲,圣何塞,177 ms
104.21.18.181,AMS,欧洲,阿姆斯特丹,177 ms
104.18.78.84,SJC,北美洲,圣何塞,177 ms
104.17.245.91,SJC,北美洲,圣何塞,177 ms
104.20.63.45,FRA,欧洲,法兰克福,177 ms
162.159.13.47,SJC,北美洲,圣何塞,177 ms
104.21.226.167,LAX,北美洲,洛杉矶,177 ms
104.25.227.197,FRA,欧洲,法兰克福,177 ms
104.17.170.96,SJC,北美洲,圣何塞,177 ms
104.19.135.216,LAX,北美洲,洛杉矶,177 ms
104.19.103.189,SJC,北美洲,圣何塞,177 ms
198.41.214.133,SJC,北美洲,圣何塞,177 ms
104.16.194.145,SJC,北美洲,圣何塞,177 ms
104.17.95.180,SJC,北美洲,圣何塞,177 ms
104.17.97.108,SJC,北美洲,圣何塞,177 ms
162.159.244.82,LAX,北美洲,洛杉矶,177 ms
190.93.244.57,SJC,北美洲,圣何塞,177 ms
190.93.245.23,SJC,北美洲,圣何塞,177 ms
104.18.112.137,LAX,北美洲,洛杉矶,177 ms
104.19.86.246,SJC,北美洲,圣何塞,177 ms
172.66.42.2,SJC,北美洲,圣何塞,177 ms
104.18.87.85,SJC,北美洲,圣何塞,177 ms
104.25.83.100,FRA,欧洲,法兰克福,177 ms
104.17.237.83,SJC,北美洲,圣何塞,177 ms
104.16.241.122,SJC,北美洲,圣何塞,177 ms
104.19.198.180,SJC,北美洲,圣何塞,177 ms
162.159.10.169,SJC,北美洲,圣何塞,177 ms
162.159.41.54,SJC,北美洲,圣何塞,177 ms
104.25.220.179,FRA,欧洲,法兰克福,177 ms
104.19.102.108,SJC,北美洲,圣何塞,177 ms
104.19.109.29,SJC,北美洲,圣何塞,177 ms
104.20.185.50,FRA,欧洲,法兰克福,177 ms
104.27.47.126,FRA,欧洲,法兰克福,177 ms
162.159.45.140,LAX,北美洲,洛杉矶,177 ms
104.18.164.217,SJC,北美洲,圣何塞,177 ms
172.64.38.119,SJC,北美洲,圣何塞,177 ms
172.64.150.82,SJC,北美洲,圣何塞,178 ms
104.25.171.9,FRA,欧洲,法兰克福,178 ms
104.17.155.48,SJC,北美洲,圣何塞,178 ms
104.19.113.135,SJC,北美洲,圣何塞,178 ms
104.19.115.69,SJC,北美洲,圣何塞,178 ms
104.27.77.200,FRA,欧洲,法兰克福,178 ms
104.16.31.100,SJC,北美洲,圣何塞,178 ms
104.19.12.79,SJC,北美洲,圣何塞,178 ms
104.17.96.170,SJC,北美洲,圣何塞,178 ms
104.16.140.105,SJC,北美洲,圣何塞,178 ms
172.67.240.114,AMS,欧洲,阿姆斯特丹,178 ms
172.64.157.133,SJC,北美洲,圣何塞,178 ms
104.16.35.109,SJC,北美洲,圣何塞,178 ms
162.159.255.39,LAX,北美洲,洛杉矶,178 ms
198.41.221.222,SJC,北美洲,圣何塞,178 ms
172.65.182.1,FRA,欧洲,法兰克福,178 ms
104.19.15.94,SJC,北美洲,圣何塞,178 ms
104.17.119.156,SJC,北美洲,圣何塞,178 ms
104.17.111.147,SJC,北美洲,圣何塞,178 ms
104.25.190.0,FRA,欧洲,法兰克福,178 ms
104.19.9.182,SJC,北美洲,圣何塞,178 ms
104.17.71.225,SJC,北美洲,圣何塞,178 ms
104.17.70.182,SJC,北美洲,圣何塞,178 ms
104.21.238.163,LAX,北美洲,洛杉矶,178 ms
104.18.8.86,SJC,北美洲,圣何塞,178 ms
104.20.229.168,FRA,欧洲,法兰克福,178 ms
172.66.46.36,SJC,北美洲,圣何塞,178 ms
104.17.50.242,SJC,北美洲,圣何塞,178 ms
104.20.107.196,FRA,欧洲,法兰克福,178 ms
172.64.159.201,SJC,北美洲,圣何塞,178 ms
104.27.17.131,FRA,欧洲,法兰克福,178 ms
104.16.33.0,SJC,北美洲,圣何塞,178 ms
104.19.232.134,SJC,北美洲,圣何塞,178 ms
198.41.215.101,SJC,北美洲,圣何塞,178 ms
104.19.239.176,SJC,北美洲,圣何塞,178 ms
104.25.94.22,FRA,欧洲,法兰克福,178 ms
104.17.204.50,SJC,北美洲,圣何塞,178 ms
104.17.145.63,SJC,北美洲,圣何塞,178 ms
104.18.134.117,SJC,北美洲,圣何塞,178 ms
104.27.83.186,FRA,欧洲,法兰克福,178 ms
104.17.156.42,SJC,北美洲,圣何塞,178 ms
104.24.45.111,FRA,欧洲,法兰克福,178 ms
104.20.88.187,FRA,欧洲,法兰克福,178 ms
104.17.189.89,SJC,北美洲,圣何塞,178 ms
104.18.177.220,SJC,北美洲,圣何塞,178 ms
172.67.179.19,AMS,欧洲,阿姆斯特丹,178 ms
104.18.10.237,SJC,北美洲,圣何塞,178 ms
104.27.40.135,FRA,欧洲,法兰克福,178 ms
172.64.34.101,SJC,北美洲,圣何塞,178 ms
104.16.225.22,SJC,北美洲,圣何塞,178 ms
172.64.41.12,SJC,北美洲,圣何塞,178 ms
172.66.0.94,SJC,北美洲,圣何塞,178 ms
104.18.184.135,SJC,北美洲,圣何塞,178 ms
104.16.158.232,SJC,北美洲,圣何塞,178 ms
198.41.202.139,SJC,北美洲,圣何塞,178 ms
104.18.221.25,SJC,北美洲,圣何塞,178 ms
104.27.74.226,FRA,欧洲,法兰克福,178 ms
104.17.212.220,SJC,北美洲,圣何塞,178 ms
104.18.225.37,SJC,北美洲,圣何塞,178 ms
104.19.171.46,SJC,北美洲,圣何塞,178 ms
104.25.11.115,FRA,欧洲,法兰克福,178 ms
104.20.198.107,FRA,欧洲,法兰克福,178 ms
104.19.121.3,SJC,北美洲,圣何塞,178 ms
104.19.118.55,SJC,北美洲,圣何塞,178 ms
104.17.130.122,SJC,北美洲,圣何塞,179 ms
104.25.23.100,FRA,欧洲,法兰克福,179 ms
104.21.233.170,LAX,北美洲,洛杉矶,179 ms
104.25.107.172,FRA,欧洲,法兰克福,179 ms
198.41.217.222,SJC,北美洲,圣何塞,179 ms
198.41.223.198,SJC,北美洲,圣何塞,179 ms
172.64.154.208,SJC,北美洲,圣何塞,179 ms
104.24.168.50,FRA,欧洲,法兰克福,179 ms
172.67.45.103,FRA,欧洲,法兰克福,179 ms
104.17.160.69,SJC,北美洲,圣何塞,179 ms
104.25.131.51,FRA,欧洲,法兰克福,179 ms
104.25.137.159,FRA,欧洲,法兰克福,179 ms
172.67.14.6,FRA,欧洲,法兰克福,179 ms
104.25.76.31,FRA,欧洲,法兰克福,179 ms
104.27.94.207,FRA,欧洲,法兰克福,179 ms
104.19.10.56,SJC,北美洲,圣何塞,179 ms
104.19.23.136,SJC,北美洲,圣何塞,179 ms
162.159.20.43,SJC,北美洲,圣何塞,179 ms
104.17.77.225,SJC,北美洲,圣何塞,179 ms
104.18.75.89,SJC,北美洲,圣何塞,179 ms
104.17.38.156,SJC,北美洲,圣何塞,179 ms
104.17.39.20,SJC,北美洲,圣何塞,179 ms
198.41.207.133,SJC,北美洲,圣何塞,179 ms
104.17.89.165,SJC,北美洲,圣何塞,179 ms
104.18.93.146,SJC,北美洲,圣何塞,179 ms
104.17.25.223,SJC,北美洲,圣何塞,179 ms
104.17.23.251,SJC,北美洲,圣何塞,179 ms
162.159.27.179,SJC,北美洲,圣何塞,179 ms
104.19.168.17,SJC,北美洲,圣何塞,179 ms
104.20.251.67,FRA,欧洲,法兰克福,179 ms
104.16.20.131,SJC,北美洲,圣何塞,179 ms
172.67.63.74,FRA,欧洲,法兰克福,179 ms
172.67.247.144,AMS,欧洲,阿姆斯特丹,179 ms
104.19.179.153,SJC,北美洲,圣何塞,179 ms
104.16.89.142,SJC,北美洲,圣何塞,179 ms
104.20.45.44,FRA,欧洲,法兰克福,179 ms
104.24.178.119,FRA,欧洲,法兰克福,179 ms
104.20.163.236,FRA,欧洲,法兰克福,179 ms
104.25.120.167,FRA,欧洲,法兰克福,179 ms
198.41.199.88,SJC,北美洲,圣何塞,179 ms
104.27.54.163,FRA,欧洲,法兰克福,179 ms
104.20.73.95,FRA,欧洲,法兰克福,179 ms
104.19.138.147,LAX,北美洲,洛杉矶,179 ms
104.19.243.43,LAX,北美洲,洛杉矶,179 ms
172.66.41.38,SJC,北美洲,圣何塞,179 ms
104.19.254.116,LAX,北美洲,洛杉矶,179 ms
104.27.112.253,FRA,欧洲,法兰克福,179 ms
104.18.6.178,SJC,北美洲,圣何塞,179 ms
104.25.138.51,FRA,欧洲,法兰克福,179 ms
104.17.164.132,SJC,北美洲,圣何塞,179 ms
104.16.16.80,SJC,北美洲,圣何塞,179 ms
104.16.26.240,SJC,北美洲,圣何塞,179 ms
104.17.90.17,SJC,北美洲,圣何塞,180 ms
104.19.133.130,LAX,北美洲,洛杉矶,180 ms
104.18.95.131,SJC,北美洲,圣何塞,180 ms
104.17.53.151,SJC,北美洲,圣何塞,180 ms
104.17.55.95,SJC,北美洲,圣何塞,180 ms
104.19.74.175,SJC,北美洲,圣何塞,180 ms
104.19.79.10,SJC,北美洲,圣何塞,180 ms
104.25.249.192,FRA,欧洲,法兰克福,180 ms
104.22.48.244,FRA,欧洲,法兰克福,180 ms
104.16.71.157,SJC,北美洲,圣何塞,180 ms
104.27.6.88,FRA,欧洲,法兰克福,180 ms
104.17.227.188,SJC,北美洲,圣何塞,180 ms
104.17.228.159,SJC,北美洲,圣何塞,180 ms
172.64.33.36,SJC,北美洲,圣何塞,180 ms
104.18.238.104,SJC,北美洲,圣何塞,180 ms
104.17.64.139,SJC,北美洲,圣何塞,180 ms
104.17.60.33,SJC,北美洲,圣何塞,180 ms
108.162.196.7,SJC,北美洲,圣何塞,180 ms
104.22.45.244,FRA,欧洲,法兰克福,180 ms
104.16.237.252,SJC,北美洲,圣何塞,180 ms
104.24.20.240,FRA,欧洲,法兰克福,180 ms
172.66.44.215,SJC,北美洲,圣何塞,180 ms
104.27.52.200,FRA,欧洲,法兰克福,180 ms
104.19.193.205,SJC,北美洲,圣何塞,180 ms
172.64.66.8,SJC,北美洲,圣何塞,180 ms
104.20.75.80,FRA,欧洲,法兰克福,180 ms
104.25.126.174,FRA,欧洲,法兰克福,180 ms
104.19.189.126,SJC,北美洲,圣何塞,180 ms
104.18.28.211,LAX,北美洲,洛杉矶,180 ms
104.18.29.197,LAX,北美洲,洛杉矶,180 ms
162.159.40.35,SJC,北美洲,圣何塞,180 ms
104.18.120.81,LAX,北美洲,洛杉矶,180 ms
104.20.22.233,FRA,欧洲,法兰克福,180 ms
172.67.105.25,FRA,欧洲,法兰克福,180 ms
104.21.13.151,AMS,欧洲,阿姆斯特丹,180 ms
104.25.64.165,FRA,欧洲,法兰克福,180 ms
104.16.193.26,SJC,北美洲,圣何塞,180 ms
104.19.78.197,SJC,北美洲,圣何塞,180 ms
104.19.72.125,SJC,北美洲,圣何塞,180 ms
104.19.66.177,SJC,北美洲,圣何塞,180 ms
172.64.92.176,SJC,北美洲,圣何塞,180 ms
104.18.216.206,SJC,北美洲,圣何塞,181 ms
104.18.217.9,SJC,北美洲,圣何塞,181 ms
104.25.182.61,FRA,欧洲,法兰克福,181 ms
104.20.158.94,FRA,欧洲,法兰克福,181 ms
104.17.167.249,SJC,北美洲,圣何塞,181 ms
104.19.148.184,SJC,北美洲,圣何塞,181 ms
104.17.16.43,SJC,北美洲,圣何塞,181 ms
104.16.29.209,SJC,北美洲,圣何塞,181 ms
104.18.26.29,LAX,北美洲,洛杉矶,181 ms
198.41.209.38,SJC,北美洲,圣何塞,181 ms
104.27.73.230,FRA,欧洲,法兰克福,181 ms
104.18.116.230,LAX,北美洲,洛杉矶,181 ms
104.27.43.176,FRA,欧洲,法兰克福,181 ms
104.27.44.76,FRA,欧洲,法兰克福,181 ms
104.17.37.190,SJC,北美洲,圣何塞,181 ms
104.18.85.221,SJC,北美洲,圣何塞,181 ms
104.19.206.124,SJC,北美洲,圣何塞,181 ms
108.162.192.187,SJC,北美洲,圣何塞,181 ms
104.20.121.83,FRA,欧洲,法兰克福,181 ms
104.17.214.71,SJC,北美洲,圣何塞,181 ms
104.19.185.251,SJC,北美洲,圣何塞,181 ms
104.16.34.36,SJC,北美洲,圣何塞,181 ms
104.21.232.106,LAX,北美洲,洛杉矶,181 ms
104.25.244.199,FRA,欧洲,法兰克福,181 ms
104.25.242.214,FRA,欧洲,法兰克福,181 ms
172.67.215.156,AMS,欧洲,阿姆斯特丹,181 ms
104.17.250.169,SJC,北美洲,圣何塞,181 ms
104.19.25.87,SJC,北美洲,圣何塞,181 ms
104.18.167.154,SJC,北美洲,圣何塞,181 ms
104.18.172.91,SJC,北美洲,圣何塞,181 ms
104.18.42.65,SJC,北美洲,圣何塞,181 ms
104.17.186.150,SJC,北美洲,圣何塞,181 ms
198.41.216.107,SJC,北美洲,圣何塞,181 ms
162.159.15.134,SJC,北美洲,圣何塞,181 ms
104.16.139.227,SJC,北美洲,圣何塞,181 ms
104.19.214.25,SJC,北美洲,圣何塞,181 ms
104.25.24.104,FRA,欧洲,法兰克福,181 ms
104.17.240.199,SJC,北美洲,圣何塞,181 ms
104.24.42.218,FRA,欧洲,法兰克福,181 ms
104.18.227.47,SJC,北美洲,圣何塞,181 ms
104.20.20.38,FRA,欧洲,法兰克福,181 ms
104.16.5.122,SJC,北美洲,圣何塞,182 ms
104.17.101.16,SJC,北美洲,圣何塞,182 ms
172.67.95.32,FRA,欧洲,法兰克福,182 ms
104.25.144.25,FRA,欧洲,法兰克福,182 ms
172.64.94.185,SJC,北美洲,圣何塞,182 ms
104.24.179.196,FRA,欧洲,法兰克福,182 ms
104.17.114.169,SJC,北美洲,圣何塞,182 ms
104.20.27.57,FRA,欧洲,法兰克福,182 ms
104.21.5.250,AMS,欧洲,阿姆斯特丹,182 ms
104.18.151.189,SJC,北美洲,圣何塞,182 ms
104.16.107.42,SJC,北美洲,圣何塞,182 ms
104.25.167.83,FRA,欧洲,法兰克福,182 ms
104.19.30.102,SJC,北美洲,圣何塞,182 ms
104.18.79.100,SJC,北美洲,圣何塞,182 ms
104.18.77.88,SJC,北美洲,圣何塞,182 ms
104.20.68.207,FRA,欧洲,法兰克福,182 ms
162.159.16.127,SJC,北美洲,圣何塞,182 ms
104.21.234.182,LAX,北美洲,洛杉矶,182 ms
104.16.12.202,SJC,北美洲,圣何塞,182 ms
104.25.206.218,FRA,欧洲,法兰克福,182 ms
104.25.203.140,FRA,欧洲,法兰克福,182 ms
104.22.36.87,FRA,欧洲,法兰克福,182 ms
104.17.6.188,SJC,北美洲,圣何塞,182 ms
104.18.44.80,SJC,北美洲,圣何塞,182 ms
162.159.6.14,SJC,北美洲,圣何塞,182 ms
104.25.56.178,FRA,欧洲,法兰克福,182 ms
104.17.4.143,SJC,北美洲,圣何塞,182 ms
172.67.115.218,FRA,欧洲,法兰克福,182 ms
104.18.99.118,SJC,北美洲,圣何塞,182 ms
104.18.136.176,SJC,北美洲,圣何塞,182 ms
104.20.170.7,FRA,欧洲,法兰克福,182 ms
104.16.189.194,SJC,北美洲,圣何塞,182 ms
198.41.218.239,SJC,北美洲,圣何塞,182 ms
104.19.132.83,LAX,北美洲,洛杉矶,182 ms
104.27.80.229,FRA,欧洲,法兰克福,182 ms
104.17.43.247,SJC,北美洲,圣何塞,182 ms
104.18.55.194,SJC,北美洲,圣何塞,182 ms
104.20.12.181,FRA,欧洲,法兰克福,182 ms
104.18.14.129,SJC,北美洲,圣何塞,182 ms
104.16.46.24,SJC,北美洲,圣何塞,182 ms
172.67.139.212,AMS,欧洲,阿姆斯特丹,182 ms
172.67.85.55,FRA,欧洲,法兰克福,182 ms
104.25.1.243,FRA,欧洲,法兰克福,182 ms
104.25.156.179,FRA,欧洲,法兰克福,183 ms
198.41.196.237,SJC,北美洲,圣何塞,183 ms
104.18.199.180,SJC,北美洲,圣何塞,183 ms
104.22.1.43,FRA,欧洲,法兰克福,183 ms
104.20.142.102,FRA,欧洲,法兰克福,183 ms
172.67.159.8,AMS,欧洲,阿姆斯特丹,183 ms
162.159.4.74,SJC,北美洲,圣何塞,183 ms
104.18.148.52,SJC,北美洲,圣何塞,183 ms
104.18.193.94,SJC,北美洲,圣何塞,183 ms
104.20.112.134,FRA,欧洲,法兰克福,183 ms
162.159.38.6,LAX,北美洲,洛杉矶,183 ms
104.18.233.54,SJC,北美洲,圣何塞,183 ms
104.20.67.213,FRA,欧洲,法兰克福,183 ms
104.25.239.233,FRA,欧洲,法兰克福,183 ms
104.21.66.7,AMS,欧洲,阿姆斯特丹,183 ms
104.17.161.43,SJC,北美洲,圣何塞,183 ms
104.19.160.72,SJC,北美洲,圣何塞,183 ms
104.19.227.199,SJC,北美洲,圣何塞,183 ms
104.25.90.135,FRA,欧洲,法兰克福,183 ms
104.19.196.215,SJC,北美洲,圣何塞,183 ms
104.21.114.24,AMS,欧洲,阿姆斯特丹,183 ms
198.217.251.189,SJC,北美洲,圣何塞,183 ms
104.18.66.251,SJC,北美洲,圣何塞,183 ms
198.41.192.61,SJC,北美洲,圣何塞,183 ms
104.17.81.44,SJC,北美洲,圣何塞,183 ms
104.24.75.123,FRA,欧洲,法兰克福,183 ms
104.24.77.93,FRA,欧洲,法兰克福,183 ms
104.16.200.200,SJC,北美洲,圣何塞,183 ms
172.67.176.203,AMS,欧洲,阿姆斯特丹,183 ms
104.18.40.171,SJC,北美洲,圣何塞,183 ms
104.16.43.244,SJC,北美洲,圣何塞,183 ms
104.20.164.142,FRA,欧洲,法兰克福,183 ms
104.25.102.161,FRA,欧洲,法兰克福,183 ms
104.18.194.249,SJC,北美洲,圣何塞,183 ms
104.27.95.106,FRA,欧洲,法兰克福,183 ms
104.24.211.203,FRA,欧洲,法兰克福,183 ms
104.16.72.180,SJC,北美洲,圣何塞,183 ms
104.21.25.174,AMS,欧洲,阿姆斯特丹,183 ms
104.19.190.67,SJC,北美洲,圣何塞,183 ms
104.19.186.144,SJC,北美洲,圣何塞,183 ms
104.18.3.72,SJC,北美洲,圣何塞,183 ms
104.24.90.131,FRA,欧洲,法兰克福,183 ms
104.20.194.10,FRA,欧洲,法兰克福,183 ms
162.159.23.147,SJC,北美洲,圣何塞,183 ms
104.17.233.245,SJC,北美洲,圣何塞,183 ms
104.27.116.13,FRA,欧洲,法兰克福,184 ms
104.27.201.72,FRA,欧洲,法兰克福,184 ms
104.20.101.4,FRA,欧洲,法兰克福,184 ms
104.17.224.168,SJC,北美洲,圣何塞,184 ms
104.17.220.58,SJC,北美洲,圣何塞,184 ms
104.17.159.115,SJC,北美洲,圣何塞,184 ms
172.65.178.242,FRA,欧洲,法兰克福,184 ms
104.18.190.253,SJC,北美洲,圣何塞,184 ms
104.25.119.163,FRA,欧洲,法兰克福,184 ms
104.19.2.22,SJC,北美洲,圣何塞,184 ms
104.19.1.163,SJC,北美洲,圣何塞,184 ms
104.24.184.210,FRA,欧洲,法兰克福,184 ms
172.67.198.168,AMS,欧洲,阿姆斯特丹,184 ms
104.17.209.7,SJC,北美洲,圣何塞,184 ms
104.27.192.205,FRA,欧洲,法兰克福,184 ms
104.17.117.202,SJC,北美洲,圣何塞,184 ms
104.16.198.64,SJC,北美洲,圣何塞,184 ms
104.16.196.50,SJC,北美洲,圣何塞,184 ms
104.19.210.78,SJC,北美洲,圣何塞,184 ms
104.18.84.196,SJC,北美洲,圣何塞,184 ms
104.25.111.128,FRA,欧洲,法兰克福,184 ms
104.24.47.127,FRA,欧洲,法兰克福,184 ms
104.17.235.122,SJC,北美洲,圣何塞,184 ms
104.18.102.88,SJC,北美洲,圣何塞,184 ms
104.24.36.118,FRA,欧洲,法兰克福,184 ms
104.16.147.12,SJC,北美洲,圣何塞,184 ms
104.17.69.153,SJC,北美洲,圣何塞,184 ms
104.20.231.202,FRA,欧洲,法兰克福,184 ms
104.16.75.174,SJC,北美洲,圣何塞,184 ms
173.245.49.165,SJC,北美洲,圣何塞,184 ms
104.17.249.26,SJC,北美洲,圣何塞,184 ms
141.101.123.178,SJC,北美洲,圣何塞,184 ms
104.18.127.70,LAX,北美洲,洛杉矶,184 ms
162.159.237.189,SJC,北美洲,圣何塞,184 ms
104.22.31.66,FRA,欧洲,法兰克福,184 ms
104.17.33.148,SJC,北美洲,圣何塞,184 ms
104.18.191.135,SJC,北美洲,圣何塞,184 ms
104.19.88.141,SJC,北美洲,圣何塞,184 ms
104.27.25.135,FRA,欧洲,法兰克福,184 ms
104.27.196.24,FRA,欧洲,法兰克福,184 ms
104.27.107.126,FRA,欧洲,法兰克福,184 ms
104.19.76.43,SJC,北美洲,圣何塞,184 ms
104.19.75.114,SJC,北美洲,圣何塞,184 ms
104.18.23.103,LAX,北美洲,洛杉矶,184 ms
104.20.25.54,FRA,欧洲,法兰克福,184 ms
104.21.82.184,AMS,欧洲,阿姆斯特丹,184 ms
104.21.84.77,AMS,欧洲,阿姆斯特丹,184 ms
104.24.226.209,FRA,欧洲,法兰克福,184 ms
104.17.241.138,SJC,北美洲,圣何塞,184 ms
104.25.230.58,FRA,欧洲,法兰克福,184 ms
104.25.229.109,FRA,欧洲,法兰克福,184 ms
104.25.124.110,FRA,欧洲,法兰克福,184 ms
104.20.243.40,FRA,欧洲,法兰克福,184 ms
162.159.44.212,LAX,北美洲,洛杉矶,184 ms
104.21.231.35,LAX,北美洲,洛杉矶,184 ms
104.21.230.47,LAX,北美洲,洛杉矶,184 ms
104.18.243.208,SJC,北美洲,圣何塞,184 ms
104.24.200.153,FRA,欧洲,法兰克福,184 ms
104.21.205.64,AMS,欧洲,阿姆斯特丹,184 ms
104.16.13.7,SJC,北美洲,圣何塞,185 ms
104.24.132.40,FRA,欧洲,法兰克福,185 ms
104.20.19.23,FRA,欧洲,法兰克福,185 ms
104.18.103.75,SJC,北美洲,圣何塞,185 ms
104.17.229.126,SJC,北美洲,圣何塞,185 ms
172.64.231.174,SJC,北美洲,圣何塞,185 ms
104.20.114.179,FRA,欧洲,法兰克福,185 ms
104.20.110.57,FRA,欧洲,法兰克福,185 ms
104.17.196.101,SJC,北美洲,圣何塞,185 ms
104.17.194.5,SJC,北美洲,圣何塞,185 ms
104.16.61.185,SJC,北美洲,圣何塞,185 ms
104.21.101.114,AMS,欧洲,阿姆斯特丹,185 ms
104.16.251.243,SJC,北美洲,圣何塞,185 ms
104.16.252.103,SJC,北美洲,圣何塞,185 ms
104.16.250.123,SJC,北美洲,圣何塞,185 ms
104.16.234.15,SJC,北美洲,圣何塞,185 ms
104.16.236.136,SJC,北美洲,圣何塞,185 ms
104.18.158.218,SJC,北美洲,圣何塞,185 ms
104.22.30.13,FRA,欧洲,法兰克福,185 ms
172.67.232.141,AMS,欧洲,阿姆斯特丹,185 ms
104.27.46.155,FRA,欧洲,法兰克福,185 ms
141.101.113.216,FRA,欧洲,法兰克福,185 ms
104.25.251.4,FRA,欧洲,法兰克福,185 ms
104.24.41.88,FRA,欧洲,法兰克福,185 ms
104.18.124.247,LAX,北美洲,洛杉矶,185 ms
104.18.122.104,LAX,北美洲,洛杉矶,185 ms
104.19.238.146,SJC,北美洲,圣何塞,185 ms
104.17.133.6,SJC,北美洲,圣何塞,185 ms
104.17.185.217,SJC,北美洲,圣何塞,185 ms
104.21.236.217,LAX,北美洲,洛杉矶,185 ms
104.18.62.255,SJC,北美洲,圣何塞,185 ms
104.18.58.233,SJC,北美洲,圣何塞,185 ms
104.21.0.174,AMS,欧洲,阿姆斯特丹,185 ms
104.17.45.26,SJC,北美洲,圣何塞,185 ms
104.24.213.92,FRA,欧洲,法兰克福,185 ms
104.19.45.14,SJC,北美洲,圣何塞,185 ms
104.19.43.148,SJC,北美洲,圣何塞,185 ms
104.25.157.63,FRA,欧洲,法兰克福,185 ms
104.17.12.249,SJC,北美洲,圣何塞,185 ms
104.17.17.52,SJC,北美洲,圣何塞,185 ms
104.23.96.74,FRA,欧洲,法兰克福,185 ms
104.17.28.135,SJC,北美洲,圣何塞,185 ms
172.67.4.130,FRA,欧洲,法兰克福,185 ms
104.25.48.104,FRA,欧洲,法兰克福,185 ms
104.19.82.196,SJC,北美洲,圣何塞,185 ms
104.19.77.194,SJC,北美洲,圣何塞,185 ms
162.159.22.72,SJC,北美洲,圣何塞,185 ms
104.19.84.82,SJC,北美洲,圣何塞,185 ms
104.17.48.7,SJC,北美洲,圣何塞,185 ms
104.19.151.129,SJC,北美洲,圣何塞,185 ms
104.19.144.241,SJC,北美洲,圣何塞,185 ms
104.25.89.251,FRA,欧洲,法兰克福,185 ms
104.16.23.110,SJC,北美洲,圣何塞,185 ms
104.20.76.221,FRA,欧洲,法兰克福,185 ms
104.27.109.84,FRA,欧洲,法兰克福,185 ms
172.67.107.230,FRA,欧洲,法兰克福,185 ms
104.17.20.43,SJC,北美洲,圣何塞,185 ms
104.22.72.190,FRA,欧洲,法兰克福,185 ms
104.25.211.55,FRA,欧洲,法兰克福,185 ms
104.20.11.143,FRA,欧洲,法兰克福,185 ms
104.19.124.69,SJC,北美洲,圣何塞,186 ms
104.22.2.139,FRA,欧洲,法兰克福,186 ms
104.17.14.37,SJC,北美洲,圣何塞,186 ms
104.20.143.60,FRA,欧洲,法兰克福,186 ms
172.67.70.102,FRA,欧洲,法兰克福,186 ms
172.67.82.76,FRA,欧洲,法兰克福,186 ms
104.21.20.214,AMS,欧洲,阿姆斯特丹,186 ms
104.21.237.13,LAX,北美洲,洛杉矶,186 ms
104.24.54.164,FRA,欧洲,法兰克福,186 ms
104.21.69.68,AMS,欧洲,阿姆斯特丹,186 ms
162.159.7.143,SJC,北美洲,圣何塞,186 ms
104.21.108.143,AMS,欧洲,阿姆斯特丹,186 ms
104.19.108.197,SJC,北美洲,圣何塞,186 ms
104.20.159.160,FRA,欧洲,法兰克福,186 ms
104.20.66.17,FRA,欧洲,法兰克福,186 ms
104.20.72.233,FRA,欧洲,法兰克福,186 ms
104.16.227.135,SJC,北美洲,圣何塞,186 ms
104.20.49.215,FRA,欧洲,法兰克福,186 ms
104.20.189.73,FRA,欧洲,法兰克福,186 ms
104.24.166.25,FRA,欧洲,法兰克福,186 ms
104.18.12.4,SJC,北美洲,圣何塞,186 ms
172.67.88.24,FRA,欧洲,法兰克福,186 ms
104.20.184.20,FRA,欧洲,法兰克福,186 ms
172.67.129.58,AMS,欧洲,阿姆斯特丹,186 ms
172.64.90.210,SJC,北美洲,圣何塞,186 ms
162.159.3.252,SJC,北美洲,圣何塞,186 ms
172.67.111.105,FRA,欧洲,法兰克福,186 ms
104.25.162.151,FRA,欧洲,法兰克福,186 ms
104.18.182.206,SJC,北美洲,圣何塞,186 ms
172.67.52.106,FRA,欧洲,法兰克福,186 ms
104.17.122.172,SJC,北美洲,圣何塞,186 ms
104.20.33.116,FRA,欧洲,法兰克福,186 ms
104.20.35.128,FRA,欧洲,法兰克福,186 ms
162.159.42.62,FRA,欧洲,法兰克福,186 ms
104.24.177.136,FRA,欧洲,法兰克福,186 ms
104.17.176.207,SJC,北美洲,圣何塞,187 ms
104.16.37.185,SJC,北美洲,圣何塞,187 ms
162.159.46.223,SJC,北美洲,圣何塞,187 ms
104.25.53.104,FRA,欧洲,法兰克福,187 ms
104.27.102.166,FRA,欧洲,法兰克福,187 ms
198.41.194.252,SJC,北美洲,圣何塞,187 ms
104.17.32.112,SJC,北美洲,圣何塞,187 ms
104.16.222.59,SJC,北美洲,圣何塞,187 ms
104.16.229.2,SJC,北美洲,圣何塞,187 ms
104.16.228.64,SJC,北美洲,圣何塞,187 ms
104.25.43.236,FRA,欧洲,法兰克福,187 ms
104.25.172.86,FRA,欧洲,法兰克福,187 ms
104.20.246.200,FRA,欧洲,法兰克福,187 ms
104.25.135.166,FRA,欧洲,法兰克福,187 ms
104.22.19.77,FRA,欧洲,法兰克福,187 ms
104.22.67.59,FRA,欧洲,法兰克福,187 ms
104.22.63.209,FRA,欧洲,法兰克福,187 ms
104.25.32.174,FRA,欧洲,法兰克福,187 ms
104.24.187.52,FRA,欧洲,法兰克福,187 ms
104.18.252.48,SJC,北美洲,圣何塞,187 ms
104.20.179.79,FRA,欧洲,法兰克福,187 ms
172.67.158.13,AMS,欧洲,阿姆斯特丹,187 ms
172.67.214.240,AMS,欧洲,阿姆斯特丹,187 ms
172.67.211.3,AMS,欧洲,阿姆斯特丹,187 ms
104.26.0.12,FRA,欧洲,法兰克福,187 ms
104.21.95.54,AMS,欧洲,阿姆斯特丹,187 ms
172.67.175.170,AMS,欧洲,阿姆斯特丹,187 ms
104.21.39.252,AMS,欧洲,阿姆斯特丹,187 ms
172.65.241.32,SJC,北美洲,圣何塞,187 ms
172.67.223.1,AMS,欧洲,阿姆斯特丹,187 ms
104.19.158.143,SJC,北美洲,圣何塞,187 ms
104.21.209.220,AMS,欧洲,阿姆斯特丹,187 ms
104.21.213.11,AMS,欧洲,阿姆斯特丹,187 ms
172.67.245.206,AMS,欧洲,阿姆斯特丹,188 ms
162.159.134.4,FRA,欧洲,法兰克福,188 ms
104.22.32.253,FRA,欧洲,法兰克福,188 ms
104.19.230.20,SJC,北美洲,圣何塞,188 ms
104.17.67.203,SJC,北美洲,圣何塞,188 ms
104.17.75.190,SJC,北美洲,圣何塞,188 ms
104.16.7.72,SJC,北美洲,圣何塞,188 ms
104.24.197.251,FRA,欧洲,法兰克福,188 ms
172.67.196.150,AMS,欧洲,阿姆斯特丹,188 ms
104.24.238.144,FRA,欧洲,法兰克福,188 ms
104.20.34.167,FRA,欧洲,法兰克福,188 ms
104.27.8.242,FRA,欧洲,法兰克福,188 ms
104.16.105.192,SJC,北美洲,圣何塞,188 ms
104.27.31.51,FRA,欧洲,法兰克福,188 ms
104.27.36.65,FRA,欧洲,法兰克福,188 ms
104.25.232.72,FRA,欧洲,法兰克福,188 ms
104.25.146.152,FRA,欧洲,法兰克福,188 ms
104.21.62.230,AMS,欧洲,阿姆斯特丹,188 ms
104.25.250.134,FRA,欧洲,法兰克福,188 ms
104.21.45.87,AMS,欧洲,阿姆斯特丹,188 ms
104.21.125.194,AMS,欧洲,阿姆斯特丹,188 ms
104.27.195.105,FRA,欧洲,法兰克福,188 ms
172.67.114.113,FRA,欧洲,法兰克福,188 ms
172.67.31.63,FRA,欧洲,法兰克福,188 ms
104.17.106.57,SJC,北美洲,圣何塞,188 ms
104.23.117.206,FRA,欧洲,法兰克福,188 ms
104.25.110.212,FRA,欧洲,法兰克福,188 ms
104.27.205.207,FRA,欧洲,法兰克福,188 ms
104.25.204.189,FRA,欧洲,法兰克福,188 ms
104.25.208.51,FRA,欧洲,法兰克福,188 ms
104.17.234.92,SJC,北美洲,圣何塞,188 ms
104.17.142.9,SJC,北美洲,圣何塞,188 ms
162.159.140.114,FRA,欧洲,法兰克福,188 ms
172.67.143.166,AMS,欧洲,阿姆斯特丹,188 ms
104.20.144.98,FRA,欧洲,法兰克福,188 ms
104.20.104.16,FRA,欧洲,法兰克福,188 ms
162.159.133.190,FRA,欧洲,法兰克福,188 ms
104.17.27.101,SJC,北美洲,圣何塞,188 ms
104.24.27.203,FRA,欧洲,法兰克福,188 ms
104.16.185.213,SJC,北美洲,圣何塞,188 ms
104.18.189.232,SJC,北美洲,圣何塞,188 ms
104.18.114.51,LAX,北美洲,洛杉矶,188 ms
104.18.110.199,SJC,北美洲,圣何塞,188 ms
104.20.137.108,FRA,欧洲,法兰克福,188 ms
104.16.244.234,SJC,北美洲,圣何塞,188 ms
104.24.215.198,FRA,欧洲,法兰克福,189 ms
172.67.101.16,FRA,欧洲,法兰克福,189 ms
104.24.252.119,FRA,欧洲,法兰克福,189 ms
172.67.35.17,FRA,欧洲,法兰克福,189 ms
104.25.127.166,FRA,欧洲,法兰克福,189 ms
172.67.92.176,FRA,欧洲,法兰克福,189 ms
172.67.89.181,FRA,欧洲,法兰克福,189 ms
1.1.1.44,SJC,北美洲,圣何塞,189 ms
104.16.70.235,SJC,北美洲,圣何塞,189 ms
104.20.16.67,FRA,欧洲,法兰克福,189 ms
172.67.132.17,AMS,欧洲,阿姆斯特丹,189 ms
104.17.85.15,SJC,北美洲,圣何塞,189 ms
104.17.93.240,SJC,北美洲,圣何塞,189 ms
104.27.204.136,FRA,欧洲,法兰克福,189 ms
104.24.68.222,FRA,欧洲,法兰克福,189 ms
104.20.17.186,FRA,欧洲,法兰克福,189 ms
172.67.5.152,FRA,欧洲,法兰克福,189 ms
104.25.150.50,FRA,欧洲,法兰克福,189 ms
104.24.159.245,FRA,欧洲,法兰克福,189 ms
104.16.183.75,SJC,北美洲,圣何塞,189 ms
104.18.150.33,SJC,北美洲,圣何塞,189 ms
104.18.81.219,SJC,北美洲,圣何塞,189 ms
104.16.146.65,SJC,北美洲,圣何塞,189 ms
23.227.38.80,SJC,北美洲,圣何塞,189 ms
104.27.103.82,FRA,欧洲,法兰克福,189 ms
104.25.129.93,FRA,欧洲,法兰克福,189 ms
104.25.199.104,FRA,欧洲,法兰克福,189 ms
104.21.192.213,AMS,欧洲,阿姆斯特丹,190 ms
104.17.94.35,SJC,北美洲,圣何塞,190 ms
104.16.81.72,SJC,北美洲,圣何塞,190 ms
104.16.99.14,SJC,北美洲,圣何塞,190 ms
104.25.169.68,FRA,欧洲,法兰克福,190 ms
104.18.111.115,SJC,北美洲,圣何塞,190 ms
104.20.250.104,FRA,欧洲,法兰克福,190 ms
104.19.209.156,SJC,北美洲,圣何塞,190 ms
104.25.29.51,FRA,欧洲,法兰克福,190 ms
104.24.175.219,FRA,欧洲,法兰克福,190 ms
104.22.17.199,FRA,欧洲,法兰克福,190 ms
104.23.121.80,FRA,欧洲,法兰克福,190 ms
104.21.93.120,AMS,欧洲,阿姆斯特丹,190 ms
104.21.90.58,AMS,欧洲,阿姆斯特丹,190 ms
172.67.164.82,AMS,欧洲,阿姆斯特丹,190 ms
104.16.210.227,SJC,北美洲,圣何塞,190 ms
104.23.108.123,FRA,欧洲,法兰克福,190 ms
104.25.183.174,FRA,欧洲,法兰克福,190 ms
104.24.186.16,FRA,欧洲,法兰克福,190 ms
104.24.182.172,FRA,欧洲,法兰克福,190 ms
104.21.117.138,AMS,欧洲,阿姆斯特丹,190 ms
104.17.88.11,SJC,北美洲,圣何塞,190 ms
104.17.87.32,SJC,北美洲,圣何塞,190 ms
104.24.55.75,FRA,欧洲,法兰克福,190 ms
172.67.154.202,AMS,欧洲,阿姆斯特丹,190 ms
104.27.193.50,FRA,欧洲,法兰克福,190 ms
104.20.157.160,FRA,欧洲,法兰克福,190 ms
104.21.89.62,AMS,欧洲,阿姆斯特丹,190 ms
104.23.115.157,FRA,欧洲,法兰克福,190 ms
172.67.137.204,AMS,欧洲,阿姆斯特丹,190 ms
104.19.83.229,SJC,北美洲,圣何塞,190 ms
104.24.58.150,FRA,欧洲,法兰克福,190 ms
104.20.47.93,FRA,欧洲,法兰克福,190 ms
172.67.49.10,FRA,欧洲,法兰克福,190 ms
104.16.186.0,SJC,北美洲,圣何塞,190 ms
104.24.196.92,FRA,欧洲,法兰克福,190 ms
104.27.60.89,FRA,欧洲,法兰克福,191 ms
104.20.193.252,FRA,欧洲,法兰克福,191 ms
104.24.76.222,FRA,欧洲,法兰克福,191 ms
172.67.202.23,AMS,欧洲,阿姆斯特丹,191 ms
104.16.64.171,SJC,北美洲,圣何塞,191 ms
172.65.197.140,SJC,北美洲,圣何塞,191 ms
104.21.51.233,AMS,欧洲,阿姆斯特丹,191 ms
104.21.103.97,AMS,欧洲,阿姆斯特丹,191 ms
104.20.226.189,FRA,欧洲,法兰克福,191 ms
104.18.2.201,SJC,北美洲,圣何塞,191 ms
104.20.149.152,FRA,欧洲,法兰克福,191 ms
172.67.9.185,FRA,欧洲,法兰克福,191 ms
104.25.231.216,FRA,欧洲,法兰克福,191 ms
104.20.115.48,FRA,欧洲,法兰克福,191 ms
104.16.217.1,SJC,北美洲,圣何塞,191 ms
104.18.198.145,SJC,北美洲,圣何塞,191 ms
104.20.7.229,FRA,欧洲,法兰克福,191 ms
104.26.2.155,FRA,欧洲,法兰克福,191 ms
104.20.120.233,FRA,欧洲,法兰克福,191 ms
104.27.49.53,FRA,欧洲,法兰克福,191 ms
172.67.219.40,AMS,欧洲,阿姆斯特丹,191 ms
104.24.230.3,FRA,欧洲,法兰克福,191 ms
104.20.31.22,FRA,欧洲,法兰克福,191 ms
173.245.58.161,SJC,北美洲,圣何塞,191 ms
104.25.30.25,FRA,欧洲,法兰克福,191 ms
104.16.65.118,SJC,北美洲,圣何塞,191 ms
104.22.13.166,FRA,欧洲,法兰克福,191 ms
104.23.113.245,FRA,欧洲,法兰克福,191 ms
172.67.91.80,FRA,欧洲,法兰克福,191 ms
104.16.2.62,SJC,北美洲,圣何塞,191 ms
104.16.11.192,SJC,北美洲,圣何塞,191 ms
172.64.89.190,SJC,北美洲,圣何塞,191 ms
172.67.98.75,FRA,欧洲,法兰克福,191 ms
104.25.35.101,FRA,欧洲,法兰克福,192 ms
104.25.95.109,FRA,欧洲,法兰克福,192 ms
104.25.175.85,FRA,欧洲,法兰克福,192 ms
104.16.192.226,SJC,北美洲,圣何塞,192 ms
104.16.197.149,SJC,北美洲,圣何塞,192 ms
104.23.131.179,FRA,欧洲,法兰克福,192 ms
104.27.15.65,FRA,欧洲,法兰克福,192 ms
104.20.130.244,FRA,欧洲,法兰克福,192 ms
104.25.122.52,FRA,欧洲,法兰克福,192 ms
104.16.199.25,SJC,北美洲,圣何塞,192 ms
104.16.175.213,SJC,北美洲,圣何塞,192 ms
104.16.180.235,SJC,北美洲,圣何塞,192 ms
104.21.16.138,AMS,欧洲,阿姆斯特丹,192 ms
104.25.45.100,FRA,欧洲,法兰克福,192 ms
104.24.10.187,FRA,欧洲,法兰克福,192 ms
172.67.197.220,AMS,欧洲,阿姆斯特丹,192 ms
104.16.143.8,SJC,北美洲,圣何塞,192 ms
104.16.149.16,SJC,北美洲,圣何塞,193 ms
104.16.4.209,SJC,北美洲,圣何塞,193 ms
104.25.247.219,FRA,欧洲,法兰克福,193 ms
104.24.48.22,FRA,欧洲,法兰克福,193 ms
104.24.60.214,FRA,欧洲,法兰克福,193 ms
172.67.191.12,AMS,欧洲,阿姆斯特丹,193 ms
104.24.199.56,FRA,欧洲,法兰克福,193 ms
104.20.69.155,FRA,欧洲,法兰克福,193 ms
104.16.94.174,SJC,北美洲,圣何塞,193 ms
104.24.14.48,FRA,欧洲,法兰克福,193 ms
104.20.46.223,FRA,欧洲,法兰克福,193 ms
104.16.145.197,SJC,北美洲,圣何塞,193 ms
104.24.158.218,FRA,欧洲,法兰克福,193 ms
104.25.152.116,FRA,欧洲,法兰克福,193 ms
104.20.168.78,FRA,欧洲,法兰克福,193 ms
104.20.174.185,FRA,欧洲,法兰克福,193 ms
104.24.143.13,FRA,欧洲,法兰克福,193 ms
104.25.223.36,FRA,欧洲,法兰克福,193 ms
104.16.148.88,SJC,北美洲,圣何塞,193 ms
172.67.43.110,FRA,欧洲,法兰克福,193 ms
104.23.137.129,FRA,欧洲,法兰克福,193 ms
104.22.26.111,FRA,欧洲,法兰克福,193 ms
104.24.49.221,FRA,欧洲,法兰克福,193 ms
104.27.75.222,FRA,欧洲,法兰克福,193 ms
104.25.173.209,FRA,欧洲,法兰克福,193 ms
104.21.31.88,AMS,欧洲,阿姆斯特丹,194 ms
104.20.32.225,FRA,欧洲,法兰克福,194 ms
104.16.218.243,SJC,北美洲,圣何塞,194 ms
104.16.103.96,SJC,北美洲,圣何塞,194 ms
104.25.255.225,FRA,欧洲,法兰克福,194 ms
104.24.78.107,FRA,欧洲,法兰克福,194 ms
172.67.86.40,FRA,欧洲,法兰克福,194 ms
104.25.147.103,FRA,欧洲,法兰克福,194 ms
104.21.2.103,AMS,欧洲,阿姆斯特丹,194 ms
104.20.0.100,FRA,欧洲,法兰克福,194 ms
104.21.67.230,AMS,欧洲,阿姆斯特丹,194 ms
104.16.144.126,SJC,北美洲,圣何塞,194 ms
104.21.115.83,AMS,欧洲,阿姆斯特丹,194 ms
104.16.254.35,SJC,北美洲,圣何塞,194 ms
172.67.162.239,AMS,欧洲,阿姆斯特丹,194 ms
104.20.89.39,FRA,欧洲,法兰克福,194 ms
104.16.79.116,SJC,北美洲,圣何塞,194 ms
104.16.90.44,SJC,北美洲,圣何塞,194 ms
172.64.78.170,PHX,北美洲,凤凰城,194 ms
104.16.110.159,SJC,北美洲,圣何塞,194 ms
104.21.28.120,AMS,欧洲,阿姆斯特丹,195 ms
104.27.51.1,FRA,欧洲,法兰克福,195 ms
104.25.243.98,FRA,欧洲,法兰克福,195 ms
104.27.85.62,FRA,欧洲,法兰克福,195 ms
104.16.182.248,SJC,北美洲,圣何塞,195 ms
104.20.224.108,FRA,欧洲,法兰克福,195 ms
104.24.150.92,FRA,欧洲,法兰克福,195 ms
104.16.177.155,SJC,北美洲,圣何塞,195 ms
104.16.213.92,SJC,北美洲,圣何塞,195 ms
172.67.235.5,AMS,欧洲,阿姆斯特丹,195 ms
104.24.248.186,FRA,欧洲,法兰克福,195 ms
172.67.68.186,FRA,欧洲,法兰克福,195 ms
104.16.206.59,SJC,北美洲,圣何塞,195 ms
104.24.229.60,FRA,欧洲,法兰克福,195 ms
104.20.108.91,FRA,欧洲,法兰克福,195 ms
104.20.213.86,FRA,欧洲,法兰克福,195 ms
104.27.115.6,FRA,欧洲,法兰克福,195 ms
104.25.3.60,FRA,欧洲,法兰克福,195 ms
104.25.245.106,FRA,欧洲,法兰克福,195 ms
172.67.21.169,FRA,欧洲,法兰克福,195 ms
104.25.67.154,FRA,欧洲,法兰克福,196 ms
104.23.112.199,FRA,欧洲,法兰克福,196 ms
104.16.173.78,SJC,北美洲,圣何塞,196 ms
104.21.221.206,AMS,欧洲,阿姆斯特丹,196 ms
104.24.0.114,FRA,欧洲,法兰克福,196 ms
104.16.109.58,SJC,北美洲,圣何塞,196 ms
104.24.157.218,FRA,欧洲,法兰克福,196 ms
104.25.166.48,FRA,欧洲,法兰克福,196 ms
104.21.197.43,AMS,欧洲,阿姆斯特丹,196 ms
104.25.153.85,FRA,欧洲,法兰克福,196 ms
104.16.142.198,SJC,北美洲,圣何塞,196 ms
104.21.50.84,AMS,欧洲,阿姆斯特丹,196 ms
104.24.176.205,FRA,欧洲,法兰克福,196 ms
104.25.28.26,FRA,欧洲,法兰克福,196 ms
104.27.0.155,FRA,欧洲,法兰克福,197 ms
104.21.71.233,AMS,欧洲,阿姆斯特丹,197 ms
104.24.137.103,FRA,欧洲,法兰克福,197 ms
104.25.233.65,FRA,欧洲,法兰克福,197 ms
172.67.113.101,FRA,欧洲,法兰克福,197 ms
104.22.51.86,FRA,欧洲,法兰克福,197 ms
162.159.128.171,FRA,欧洲,法兰克福,197 ms
104.24.46.13,FRA,欧洲,法兰克福,197 ms
104.16.86.157,SJC,北美洲,圣何塞,197 ms
104.16.84.91,SJC,北美洲,圣何塞,197 ms
104.16.63.47,SJC,北美洲,圣何塞,197 ms
104.20.98.112,FRA,欧洲,法兰克福,197 ms
104.25.192.53,FRA,欧洲,法兰克福,197 ms
104.20.28.61,FRA,欧洲,法兰克福,197 ms
104.24.245.13,FRA,欧洲,法兰克福,197 ms
104.20.186.63,FRA,欧洲,法兰克福,197 ms
104.16.138.161,SJC,北美洲,圣何塞,197 ms
104.24.37.115,FRA,欧洲,法兰克福,197 ms
104.24.149.74,FRA,欧洲,法兰克福,197 ms
104.27.76.166,FRA,欧洲,法兰克福,197 ms
23.227.60.6,SJC,北美洲,圣何塞,197 ms
104.24.209.134,FRA,欧洲,法兰克福,197 ms
104.20.254.188,FRA,欧洲,法兰克福,197 ms
104.16.96.209,SJC,北美洲,圣何塞,197 ms
104.16.179.234,SJC,北美洲,圣何塞,198 ms
104.21.123.10,AMS,欧洲,阿姆斯特丹,198 ms
104.24.192.106,FRA,欧洲,法兰克福,198 ms
104.20.74.25,FRA,欧洲,法兰克福,198 ms
104.27.67.24,FRA,欧洲,法兰克福,198 ms
172.67.155.224,AMS,欧洲,阿姆斯特丹,198 ms
104.25.80.160,FRA,欧洲,法兰克福,198 ms
104.22.40.186,FRA,欧洲,法兰克福,198 ms
104.16.0.36,SJC,北美洲,圣何塞,198 ms
104.16.141.218,SJC,北美洲,圣何塞,198 ms
104.25.241.188,FRA,欧洲,法兰克福,198 ms
104.24.25.49,FRA,欧洲,法兰克福,198 ms
172.67.239.215,AMS,欧洲,阿姆斯特丹,198 ms
104.21.83.222,AMS,欧洲,阿姆斯特丹,198 ms
104.22.16.22,FRA,欧洲,法兰克福,198 ms
104.20.172.93,FRA,欧洲,法兰克福,198 ms
104.24.82.38,FRA,欧洲,法兰克福,198 ms
104.20.5.10,FRA,欧洲,法兰克福,199 ms
104.16.67.49,SJC,北美洲,圣何塞,199 ms
104.22.37.139,FRA,欧洲,法兰克福,199 ms
104.16.8.5,SJC,北美洲,圣何塞,199 ms
172.67.244.251,AMS,欧洲,阿姆斯特丹,199 ms
104.21.194.95,AMS,欧洲,阿姆斯特丹,199 ms
104.21.49.195,AMS,欧洲,阿姆斯特丹,199 ms
104.27.81.119,FRA,欧洲,法兰克福,199 ms
104.25.202.194,FRA,欧洲,法兰克福,199 ms
104.16.66.49,SJC,北美洲,圣何塞,199 ms
104.22.35.141,FRA,欧洲,法兰克福,199 ms
104.22.34.88,FRA,欧洲,法兰克福,199 ms
104.20.23.70,FRA,欧洲,法兰克福,199 ms
104.20.18.23,FRA,欧洲,法兰克福,199 ms
172.67.94.48,FRA,欧洲,法兰克福,199 ms
104.24.225.18,FRA,欧洲,法兰克福,199 ms
104.25.218.188,FRA,欧洲,法兰克福,199 ms
104.25.214.167,FRA,欧洲,法兰克福,199 ms
104.20.62.204,FRA,欧洲,法兰克福,199 ms
172.67.171.218,AMS,欧洲,阿姆斯特丹,199 ms
104.27.4.83,FRA,欧洲,法兰克福,199 ms
172.67.177.153,AMS,欧洲,阿姆斯特丹,199 ms
172.67.13.82,FRA,欧洲,法兰克福,199 ms
104.24.160.74,FRA,欧洲,法兰克福,199 ms
104.25.52.2,FRA,欧洲,法兰克福,199 ms
104.23.136.241,FRA,欧洲,法兰克福,200 ms
104.25.207.0,FRA,欧洲,法兰克福,200 ms
172.67.1.60,FRA,欧洲,法兰克福,200 ms
104.20.93.34,FRA,欧洲,法兰克福,200 ms
172.67.213.23,AMS,欧洲,阿姆斯特丹,200 ms
172.67.54.6,FRA,欧洲,法兰克福,200 ms
104.24.206.97,FRA,欧洲,法兰克福,200 ms
104.20.195.174,FRA,欧洲,法兰克福,200 ms
172.67.108.79,FRA,欧洲,法兰克福,200 ms
104.21.35.247,AMS,欧洲,阿姆斯特丹,200 ms
104.25.145.174,FRA,欧洲,法兰克福,200 ms
104.20.118.232,FRA,欧洲,法兰克福,200 ms
104.20.123.211,FRA,欧洲,法兰克福,200 ms
104.20.187.120,FRA,欧洲,法兰克福,200 ms
104.20.233.135,FRA,欧洲,法兰克福,200 ms
104.22.46.86,FRA,欧洲,法兰克福,200 ms
172.67.189.161,AMS,欧洲,阿姆斯特丹,200 ms
104.23.130.3,FRA,欧洲,法兰克福,201 ms
104.23.135.222,FRA,欧洲,法兰克福,201 ms
104.24.65.200,FRA,欧洲,法兰克福,201 ms
104.21.120.165,AMS,欧洲,阿姆斯特丹,201 ms
104.24.138.125,FRA,欧洲,法兰克福,201 ms
104.21.116.101,AMS,欧洲,阿姆斯特丹,201 ms
172.67.130.101,AMS,欧洲,阿姆斯特丹,201 ms
104.21.208.48,AMS,欧洲,阿姆斯特丹,201 ms
104.20.173.159,FRA,欧洲,法兰克福,201 ms
104.20.155.199,FRA,欧洲,法兰克福,201 ms
104.24.89.132,FRA,欧洲,法兰克福,201 ms
172.67.152.1,AMS,欧洲,阿姆斯特丹,201 ms
104.25.219.230,FRA,欧洲,法兰克福,201 ms
104.20.3.181,FRA,欧洲,法兰克福,201 ms
104.27.79.242,FRA,欧洲,法兰克福,201 ms
104.20.14.101,FRA,欧洲,法兰克福,201 ms
162.159.138.248,FRA,欧洲,法兰克福,201 ms
104.20.58.139,FRA,欧洲,法兰克福,201 ms
104.24.234.146,FRA,欧洲,法兰克福,201 ms
104.24.249.94,FRA,欧洲,法兰克福,201 ms
104.27.68.101,FRA,欧洲,法兰克福,201 ms
104.21.80.24,AMS,欧洲,阿姆斯特丹,201 ms
172.67.147.246,AMS,欧洲,阿姆斯特丹,202 ms
172.67.228.86,AMS,欧洲,阿姆斯特丹,202 ms
172.67.221.104,AMS,欧洲,阿姆斯特丹,202 ms
172.67.160.210,AMS,欧洲,阿姆斯特丹,202 ms
104.25.84.176,FRA,欧洲,法兰克福,202 ms
172.67.237.74,AMS,欧洲,阿姆斯特丹,202 ms
104.25.248.113,FRA,欧洲,法兰克福,202 ms
172.67.93.243,FRA,欧洲,法兰克福,202 ms
104.25.98.81,FRA,欧洲,法兰克福,202 ms
104.21.56.205,AMS,欧洲,阿姆斯特丹,202 ms
104.21.91.74,AMS,欧洲,阿姆斯特丹,202 ms
104.25.6.106,FRA,欧洲,法兰克福,202 ms
104.20.10.65,FRA,欧洲,法兰克福,202 ms
104.20.255.130,FRA,欧洲,法兰克福,202 ms
104.22.52.154,FRA,欧洲,法兰克福,202 ms
104.25.210.208,FRA,欧洲,法兰克福,202 ms
162.159.141.64,FRA,欧洲,法兰克福,202 ms
104.25.25.160,FRA,欧洲,法兰克福,202 ms
172.67.39.193,FRA,欧洲,法兰克福,202 ms
104.20.199.7,FRA,欧洲,法兰克福,202 ms
104.20.91.101,FRA,欧洲,法兰克福,202 ms
104.25.39.114,FRA,欧洲,法兰克福,202 ms
172.67.241.31,AMS,欧洲,阿姆斯特丹,202 ms
104.21.42.233,AMS,欧洲,阿姆斯特丹,202 ms
172.67.210.85,AMS,欧洲,阿姆斯特丹,202 ms
104.25.47.218,FRA,欧洲,法兰克福,202 ms
104.20.216.22,FRA,欧洲,法兰克福,203 ms
104.20.217.117,FRA,欧洲,法兰克福,203 ms
104.25.139.125,FRA,欧洲,法兰克福,203 ms
104.25.141.19,FRA,欧洲,法兰克福,203 ms
104.27.13.79,FRA,欧洲,法兰克福,203 ms
104.27.11.60,FRA,欧洲,法兰克福,203 ms
104.21.14.151,AMS,欧洲,阿姆斯特丹,203 ms
104.25.10.206,FRA,欧洲,法兰克福,203 ms
104.16.1.215,SJC,北美洲,圣何塞,203 ms
104.24.221.86,FRA,欧洲,法兰克福,203 ms
104.16.118.6,LAX,北美洲,洛杉矶,203 ms
104.16.124.43,LAX,北美洲,洛杉矶,203 ms
104.16.119.96,LAX,北美洲,洛杉矶,203 ms
172.67.229.14,AMS,欧洲,阿姆斯特丹,203 ms
172.67.230.254,AMS,欧洲,阿姆斯特丹,203 ms
104.27.37.24,FRA,欧洲,法兰克福,203 ms
104.16.178.212,SJC,北美洲,圣何塞,203 ms
172.65.51.243,AMS,欧洲,阿姆斯特丹,203 ms
104.22.54.47,FRA,欧洲,法兰克福,203 ms
104.24.80.162,FRA,欧洲,法兰克福,203 ms
162.159.136.47,FRA,欧洲,法兰克福,203 ms
104.23.107.71,FRA,欧洲,法兰克福,203 ms
104.21.215.150,AMS,欧洲,阿姆斯特丹,203 ms
104.21.37.184,AMS,欧洲,阿姆斯特丹,203 ms
172.67.183.255,AMS,欧洲,阿姆斯特丹,203 ms
104.25.143.236,FRA,欧洲,法兰克福,203 ms
172.67.102.48,FRA,欧洲,法兰克福,203 ms
104.24.72.137,FRA,欧洲,法兰克福,203 ms
172.67.133.202,AMS,欧洲,阿姆斯特丹,203 ms
104.20.125.189,FRA,欧洲,法兰克福,203 ms
172.67.46.105,FRA,欧洲,法兰克福,204 ms
104.21.200.69,AMS,欧洲,阿姆斯特丹,204 ms
104.16.170.192,SJC,北美洲,圣何塞,204 ms
104.16.9.81,SJC,北美洲,圣何塞,204 ms
104.20.1.239,FRA,欧洲,法兰克福,204 ms
172.67.140.165,AMS,欧洲,阿姆斯特丹,204 ms
104.24.156.254,FRA,欧洲,法兰克福,204 ms
104.22.47.84,FRA,欧洲,法兰克福,204 ms
104.16.132.233,SJC,北美洲,圣何塞,204 ms
172.67.116.98,FRA,欧洲,法兰克福,204 ms
104.21.87.200,AMS,欧洲,阿姆斯特丹,204 ms
104.25.33.134,FRA,欧洲,法兰克福,204 ms
104.22.11.64,FRA,欧洲,法兰克福,204 ms
104.16.169.55,SJC,北美洲,圣何塞,204 ms
104.21.61.191,AMS,欧洲,阿姆斯特丹,204 ms
104.27.92.52,FRA,欧洲,法兰克福,204 ms
104.20.52.147,FRA,欧洲,法兰克福,204 ms
104.16.97.152,SJC,北美洲,圣何塞,204 ms
104.20.139.159,FRA,欧洲,法兰克福,205 ms
104.20.4.128,FRA,欧洲,法兰克福,205 ms
104.24.11.251,FRA,欧洲,法兰克福,205 ms
172.65.165.83,FRA,欧洲,法兰克福,205 ms
104.23.101.229,FRA,欧洲,法兰克福,205 ms
104.22.79.223,FRA,欧洲,法兰克福,205 ms
104.22.21.56,FRA,欧洲,法兰克福,205 ms
104.20.239.219,FRA,欧洲,法兰克福,205 ms
104.21.195.230,AMS,欧洲,阿姆斯特丹,205 ms
104.21.11.195,AMS,欧洲,阿姆斯特丹,205 ms
104.25.181.3,FRA,欧洲,法兰克福,205 ms
104.20.6.113,FRA,欧洲,法兰克福,205 ms
104.22.27.245,FRA,欧洲,法兰克福,205 ms
104.20.90.17,FRA,欧洲,法兰克福,205 ms
172.67.199.229,AMS,欧洲,阿姆斯特丹,205 ms
104.25.12.66,FRA,欧洲,法兰克福,205 ms
172.67.148.203,AMS,欧洲,阿姆斯特丹,205 ms
104.22.55.111,FRA,欧洲,法兰克福,205 ms
104.21.15.48,AMS,欧洲,阿姆斯特丹,205 ms
104.21.223.249,AMS,欧洲,阿姆斯特丹,206 ms
172.67.206.213,AMS,欧洲,阿姆斯特丹,206 ms
172.67.224.174,AMS,欧洲,阿姆斯特丹,206 ms
104.24.198.233,FRA,欧洲,法兰克福,206 ms
104.21.1.106,AMS,欧洲,阿姆斯特丹,206 ms
104.16.88.157,SJC,北美洲,圣何塞,206 ms
104.24.193.51,FRA,欧洲,法兰克福,206 ms
104.16.172.58,SJC,北美洲,圣何塞,206 ms
104.16.117.127,LAX,北美洲,洛杉矶,206 ms
104.21.41.46,AMS,欧洲,阿姆斯特丹,206 ms
104.24.35.74,FRA,欧洲,法兰克福,206 ms
104.27.14.205,FRA,欧洲,法兰克福,206 ms
104.27.18.25,FRA,欧洲,法兰克福,206 ms
104.21.64.130,AMS,欧洲,阿姆斯特丹,206 ms
104.21.8.33,AMS,欧洲,阿姆斯特丹,206 ms
104.23.140.161,FRA,欧洲,法兰克福,206 ms
104.16.108.28,SJC,北美洲,圣何塞,206 ms
172.67.2.3,FRA,欧洲,法兰克福,206 ms
104.27.58.161,FRA,欧洲,法兰克福,206 ms
104.20.215.6,FRA,欧洲,法兰克福,206 ms
104.22.68.244,FRA,欧洲,法兰克福,206 ms
104.22.24.160,FRA,欧洲,法兰克福,206 ms
104.27.101.6,FRA,欧洲,法兰克福,206 ms
104.20.171.250,FRA,欧洲,法兰克福,206 ms
104.21.112.188,AMS,欧洲,阿姆斯特丹,206 ms
104.27.98.196,FRA,欧洲,法兰克福,206 ms
104.16.74.1,SJC,北美洲,圣何塞,206 ms
104.16.101.106,SJC,北美洲,圣何塞,206 ms
172.67.151.73,AMS,欧洲,阿姆斯特丹,206 ms
104.21.217.121,AMS,欧洲,阿姆斯特丹,206 ms
104.21.222.252,AMS,欧洲,阿姆斯特丹,206 ms
104.24.19.125,FRA,欧洲,法兰克福,206 ms
104.25.99.240,FRA,欧洲,法兰克福,207 ms
104.23.114.226,FRA,欧洲,法兰克福,207 ms
104.22.53.175,FRA,欧洲,法兰克福,207 ms
104.16.3.237,SJC,北美洲,圣何塞,207 ms
172.67.227.117,AMS,欧洲,阿姆斯特丹,207 ms
104.24.151.43,FRA,欧洲,法兰克福,207 ms
172.67.180.10,AMS,欧洲,阿姆斯特丹,207 ms
172.67.136.136,AMS,欧洲,阿姆斯特丹,207 ms
104.16.168.222,SJC,北美洲,圣何塞,207 ms
104.16.171.30,SJC,北美洲,圣何塞,207 ms
104.20.103.77,FRA,欧洲,法兰克福,207 ms
104.16.184.214,SJC,北美洲,圣何塞,207 ms
104.24.169.22,FRA,欧洲,法兰克福,207 ms
104.21.94.66,AMS,欧洲,阿姆斯特丹,207 ms
104.25.158.188,FRA,欧洲,法兰克福,207 ms
104.27.48.234,FRA,欧洲,法兰克福,207 ms
172.67.12.164,FRA,欧洲,法兰克福,207 ms
104.16.112.29,LAX,北美洲,洛杉矶,207 ms
104.22.78.112,FRA,欧洲,法兰克福,207 ms
104.21.121.98,AMS,欧洲,阿姆斯特丹,207 ms
172.67.73.105,FRA,欧洲,法兰克福,207 ms
104.24.24.134,FRA,欧洲,法兰克福,207 ms
104.24.30.205,FRA,欧洲,法兰克福,207 ms
104.24.69.20,FRA,欧洲,法兰克福,207 ms
104.22.71.212,FRA,欧洲,法兰克福,207 ms
104.16.69.87,SJC,北美洲,圣何塞,207 ms
104.23.127.171,FRA,欧洲,法兰克福,207 ms
104.27.39.216,FRA,欧洲,法兰克福,207 ms
104.25.191.71,FRA,欧洲,法兰克福,207 ms
104.24.224.111,FRA,欧洲,法兰克福,208 ms
172.67.55.12,FRA,欧洲,法兰克福,208 ms
104.20.85.70,FRA,欧洲,法兰克福,208 ms
104.21.73.95,AMS,欧洲,阿姆斯特丹,208 ms
104.27.123.17,FRA,欧洲,法兰克福,208 ms
172.67.254.181,AMS,欧洲,阿姆斯特丹,208 ms
104.25.200.88,FRA,欧洲,法兰克福,208 ms
104.27.96.49,FRA,欧洲,法兰克福,208 ms
104.16.120.233,LAX,北美洲,洛杉矶,208 ms
104.16.68.198,SJC,北美洲,圣何塞,208 ms
104.26.3.103,FRA,欧洲,法兰克福,208 ms
104.21.4.161,AMS,欧洲,阿姆斯特丹,208 ms
104.22.59.47,FRA,欧洲,法兰克福,208 ms
104.20.147.177,FRA,欧洲,法兰克福,208 ms
172.67.243.144,AMS,欧洲,阿姆斯特丹,208 ms
104.18.98.25,SJC,北美洲,圣何塞,208 ms
172.67.134.50,AMS,欧洲,阿姆斯特丹,208 ms
104.20.180.191,FRA,欧洲,法兰克福,208 ms
104.16.129.136,SJC,北美洲,圣何塞,208 ms
172.64.68.207,FRA,欧洲,法兰克福,208 ms
104.21.99.9,AMS,欧洲,阿姆斯特丹,208 ms
104.25.235.224,FRA,欧洲,法兰克福,208 ms
104.16.77.43,SJC,北美洲,圣何塞,208 ms
104.24.86.63,FRA,欧洲,法兰克福,209 ms
172.67.149.145,AMS,欧洲,阿姆斯特丹,209 ms
104.16.83.217,SJC,北美洲,圣何塞,209 ms
104.25.55.149,FRA,欧洲,法兰克福,209 ms
172.67.100.253,FRA,欧洲,法兰克福,209 ms
104.25.148.149,FRA,欧洲,法兰克福,209 ms
172.67.30.175,FRA,欧洲,法兰克福,209 ms
104.21.119.230,AMS,欧洲,阿姆斯特丹,209 ms
162.159.194.82,FRA,欧洲,法兰克福,209 ms
104.16.106.170,SJC,北美洲,圣何塞,209 ms
104.25.253.241,FRA,欧洲,法兰克福,209 ms
104.21.26.174,AMS,欧洲,阿姆斯特丹,209 ms
104.20.242.100,FRA,欧洲,法兰克福,209 ms
172.67.222.156,AMS,欧洲,阿姆斯特丹,209 ms
104.24.146.106,FRA,欧洲,法兰克福,209 ms
104.24.217.22,FRA,欧洲,法兰克福,209 ms
162.159.143.254,FRA,欧洲,法兰克福,209 ms
104.20.78.209,FRA,欧洲,法兰克福,209 ms
172.67.26.20,FRA,欧洲,法兰克福,209 ms
104.20.156.179,FRA,欧洲,法兰克福,209 ms
104.16.122.62,LAX,北美洲,洛杉矶,210 ms
104.24.153.73,FRA,欧洲,法兰克福,210 ms
104.20.117.244,FRA,欧洲,法兰克福,210 ms
104.25.160.191,FRA,欧洲,法兰克福,210 ms
23.227.39.229,SJC,北美洲,圣何塞,210 ms
104.22.0.234,FRA,欧洲,法兰克福,210 ms
172.65.188.7,FRA,欧洲,法兰克福,210 ms
104.16.167.181,SJC,北美洲,圣何塞,210 ms
104.16.80.244,SJC,北美洲,圣何塞,210 ms
104.25.15.67,FRA,欧洲,法兰克福,210 ms
104.21.48.239,AMS,欧洲,阿姆斯特丹,210 ms
104.20.51.244,FRA,欧洲,法兰克福,210 ms
104.23.124.163,FRA,欧洲,法兰克福,210 ms
104.24.83.20,FRA,欧洲,法兰克福,210 ms
104.27.12.229,FRA,欧洲,法兰克福,210 ms
172.67.185.16,AMS,欧洲,阿姆斯特丹,210 ms
162.159.160.201,FRA,欧洲,法兰克福,210 ms
104.24.161.177,FRA,欧洲,法兰克福,210 ms
104.27.72.67,FRA,欧洲,法兰克福,210 ms
104.24.243.191,FRA,欧洲,法兰克福,210 ms
104.25.108.218,FRA,欧洲,法兰克福,210 ms
104.16.176.103,SJC,北美洲,圣何塞,210 ms
104.16.92.116,SJC,北美洲,圣何塞,210 ms
104.24.170.13,FRA,欧洲,法兰克福,210 ms
104.24.171.168,FRA,欧洲,法兰克福,210 ms
104.25.159.250,FRA,欧洲,法兰克福,210 ms
172.67.19.121,FRA,欧洲,法兰克福,210 ms
104.21.22.229,AMS,欧洲,阿姆斯特丹,210 ms
104.24.162.7,FRA,欧洲,法兰克福,210 ms
172.67.119.188,FRA,欧洲,法兰克福,210 ms
104.23.141.9,FRA,欧洲,法兰克福,210 ms
104.21.210.65,AMS,欧洲,阿姆斯特丹,210 ms
104.16.181.154,SJC,北美洲,圣何塞,210 ms
104.27.108.244,FRA,欧洲,法兰克福,210 ms
104.22.66.139,FRA,欧洲,法兰克福,210 ms
104.24.235.54,FRA,欧洲,法兰克福,211 ms
172.67.59.20,FRA,欧洲,法兰克福,211 ms
104.25.254.116,FRA,欧洲,法兰克福,211 ms
104.26.1.84,FRA,欧洲,法兰克福,211 ms
104.25.57.76,FRA,欧洲,法兰克福,211 ms
104.20.221.141,FRA,欧洲,法兰克福,211 ms
104.25.68.238,FRA,欧洲,法兰克福,211 ms
104.20.244.210,FRA,欧洲,法兰克福,211 ms
172.67.238.54,AMS,欧洲,阿姆斯特丹,211 ms
104.24.91.74,FRA,欧洲,法兰克福,211 ms
104.27.3.156,FRA,欧洲,法兰克福,211 ms
172.67.118.230,FRA,欧洲,法兰克福,211 ms
104.27.64.103,FRA,欧洲,法兰克福,211 ms
104.25.77.225,FRA,欧洲,法兰克福,211 ms
104.21.211.246,AMS,欧洲,阿姆斯特丹,211 ms
104.24.64.159,FRA,欧洲,法兰克福,211 ms
104.16.87.30,SJC,北美洲,圣何塞,211 ms
104.24.53.41,FRA,欧洲,法兰克福,211 ms
104.22.23.13,FRA,欧洲,法兰克福,211 ms
104.20.140.42,FRA,欧洲,法兰克福,211 ms
104.24.59.172,FRA,欧洲,法兰克福,211 ms
104.27.55.213,FRA,欧洲,法兰克福,211 ms
172.67.128.25,AMS,欧洲,阿姆斯特丹,211 ms
104.23.132.27,FRA,欧洲,法兰克福,211 ms
104.23.99.217,FRA,欧洲,法兰克福,211 ms
172.67.110.14,FRA,欧洲,法兰克福,211 ms
104.20.183.77,FRA,欧洲,法兰克福,211 ms
172.67.174.141,AMS,欧洲,阿姆斯特丹,211 ms
104.23.122.42,FRA,欧洲,法兰克福,211 ms
172.67.69.43,FRA,欧洲,法兰克福,211 ms
172.67.170.224,AMS,欧洲,阿姆斯特丹,211 ms
104.21.219.29,AMS,欧洲,阿姆斯特丹,211 ms
104.24.92.186,FRA,欧洲,法兰克福,211 ms
104.27.38.50,FRA,欧洲,法兰克福,211 ms
104.25.54.53,FRA,欧洲,法兰克福,211 ms
104.25.44.193,FRA,欧洲,法兰克福,211 ms
104.21.10.248,AMS,欧洲,阿姆斯特丹,211 ms
104.24.33.13,FRA,欧洲,法兰克福,211 ms
104.25.209.76,FRA,欧洲,法兰克福,212 ms
104.25.205.53,FRA,欧洲,法兰克福,212 ms
104.16.98.142,SJC,北美洲,圣何塞,212 ms
104.25.103.220,FRA,欧洲,法兰克福,212 ms
104.24.74.235,FRA,欧洲,法兰克福,212 ms
172.67.123.109,FRA,欧洲,法兰克福,212 ms
104.27.29.120,FRA,欧洲,法兰克福,212 ms
104.20.249.192,FRA,欧洲,法兰克福,212 ms
104.20.248.236,FRA,欧洲,法兰克福,212 ms
104.16.166.88,SJC,北美洲,圣何塞,212 ms
104.20.64.225,FRA,欧洲,法兰克福,212 ms
162.159.196.37,FRA,欧洲,法兰克福,212 ms
104.16.174.117,SJC,北美洲,圣何塞,212 ms
104.20.152.228,FRA,欧洲,法兰克福,212 ms
104.26.9.254,FRA,欧洲,法兰克福,212 ms
104.26.11.202,FRA,欧洲,法兰克福,212 ms
172.67.225.16,AMS,欧洲,阿姆斯特丹,212 ms
104.20.21.23,FRA,欧洲,法兰克福,212 ms
104.27.69.88,FRA,欧洲,法兰克福,212 ms
104.25.7.232,FRA,欧洲,法兰克福,212 ms
104.21.12.59,AMS,欧洲,阿姆斯特丹,212 ms
172.67.97.217,FRA,欧洲,法兰克福,212 ms
104.24.227.130,FRA,欧洲,法兰克福,212 ms
104.20.176.74,FRA,欧洲,法兰克福,212 ms
172.67.64.218,FRA,欧洲,法兰克福,212 ms
104.20.128.68,FRA,欧洲,法兰克福,212 ms
104.23.97.89,FRA,欧洲,法兰克福,212 ms
104.27.122.82,FRA,欧洲,法兰克福,212 ms
104.24.214.231,FRA,欧洲,法兰克福,212 ms
172.67.190.175,AMS,欧洲,阿姆斯特丹,212 ms
104.22.58.88,FRA,欧洲,法兰克福,212 ms
162.159.137.218,FRA,欧洲,法兰克福,212 ms
104.22.74.62,FRA,欧洲,法兰克福,212 ms
104.20.148.224,FRA,欧洲,法兰克福,212 ms
104.24.228.58,FRA,欧洲,法兰克福,212 ms
104.20.50.154,FRA,欧洲,法兰克福,212 ms
104.20.57.158,FRA,欧洲,法兰克福,212 ms
104.27.32.60,FRA,欧洲,法兰克福,213 ms
104.21.204.150,AMS,欧洲,阿姆斯特丹,213 ms
104.24.207.37,FRA,欧洲,法兰克福,213 ms
104.27.110.155,FRA,欧洲,法兰克福,213 ms
104.25.19.181,FRA,欧洲,法兰克福,213 ms
172.67.195.73,AMS,欧洲,阿姆斯特丹,213 ms
104.20.211.240,FRA,欧洲,法兰克福,213 ms
104.20.205.196,FRA,欧洲,法兰克福,213 ms
104.20.43.132,FRA,欧洲,法兰克福,213 ms
104.25.106.111,FRA,欧洲,法兰克福,213 ms
104.25.188.21,FRA,欧洲,法兰克福,213 ms
104.24.247.73,FRA,欧洲,法兰克福,213 ms
172.67.182.50,AMS,欧洲,阿姆斯特丹,213 ms
104.25.69.211,FRA,欧洲,法兰克福,213 ms
104.24.231.230,FRA,欧洲,法兰克福,213 ms
104.25.151.39,FRA,欧洲,法兰克福,213 ms
104.20.36.68,FRA,欧洲,法兰克福,213 ms
104.27.91.142,FRA,欧洲,法兰克福,213 ms
104.24.44.240,FRA,欧洲,法兰克福,213 ms
104.25.62.153,FRA,欧洲,法兰克福,213 ms
104.25.61.34,FRA,欧洲,法兰克福,213 ms
172.67.204.174,AMS,欧洲,阿姆斯特丹,213 ms
104.24.79.155,FRA,欧洲,法兰克福,213 ms
104.24.190.57,FRA,欧洲,法兰克福,213 ms
172.67.32.69,FRA,欧洲,法兰克福,213 ms
172.67.194.122,AMS,欧洲,阿姆斯特丹,213 ms
104.25.71.168,FRA,欧洲,法兰克福,213 ms
104.16.165.45,SJC,北美洲,圣何塞,214 ms
104.27.126.113,FRA,欧洲,法兰克福,214 ms
172.67.74.101,FRA,欧洲,法兰克福,214 ms
104.21.214.156,AMS,欧洲,阿姆斯特丹,214 ms
104.25.20.174,FRA,欧洲,法兰克福,214 ms
104.25.140.212,FRA,欧洲,法兰克福,214 ms
172.67.66.139,FRA,欧洲,法兰克福,214 ms
104.24.208.8,FRA,欧洲,法兰克福,214 ms
104.21.122.213,AMS,欧洲,阿姆斯特丹,214 ms
104.22.60.216,FRA,欧洲,法兰克福,214 ms
104.21.218.148,AMS,欧洲,阿姆斯特丹,214 ms
104.24.38.202,FRA,欧洲,法兰克福,214 ms
104.23.119.172,FRA,欧洲,法兰克福,214 ms
104.20.135.226,FRA,欧洲,法兰克福,214 ms
104.27.56.126,FRA,欧洲,法兰克福,214 ms
104.25.91.116,FRA,欧洲,法兰克福,214 ms
104.20.235.129,FRA,欧洲,法兰克福,214 ms
104.25.38.39,FRA,欧洲,法兰克福,214 ms
172.67.22.233,FRA,欧洲,法兰克福,214 ms
104.25.46.91,FRA,欧洲,法兰克福,214 ms
162.159.129.93,FRA,欧洲,法兰克福,214 ms
104.27.5.225,FRA,欧洲,法兰克福,214 ms
104.27.7.138,FRA,欧洲,法兰克福,214 ms
104.24.73.29,FRA,欧洲,法兰克福,214 ms
172.67.60.54,FRA,欧洲,法兰克福,214 ms
104.20.160.22,FRA,欧洲,法兰克福,214 ms
104.25.134.103,FRA,欧洲,法兰克福,214 ms
104.27.86.125,FRA,欧洲,法兰克福,214 ms
104.27.20.186,FRA,欧洲,法兰克福,214 ms
104.24.219.113,FRA,欧洲,法兰克福,214 ms
172.67.77.93,FRA,欧洲,法兰克福,214 ms
104.24.141.249,FRA,欧洲,法兰克福,214 ms
104.24.142.241,FRA,欧洲,法兰克福,214 ms
104.20.202.216,FRA,欧洲,法兰克福,214 ms
104.20.129.47,FRA,欧洲,法兰克福,214 ms
104.20.153.9,FRA,欧洲,法兰克福,214 ms
104.20.116.160,FRA,欧洲,法兰克福,214 ms
172.67.99.234,FRA,欧洲,法兰克福,214 ms
172.67.27.239,FRA,欧洲,法兰克福,214 ms
104.25.117.42,FRA,欧洲,法兰克福,215 ms
104.20.138.34,FRA,欧洲,法兰克福,215 ms
172.67.41.154,FRA,欧洲,法兰克福,215 ms
104.24.61.182,FRA,欧洲,法兰克福,215 ms
104.26.4.181,FRA,欧洲,法兰克福,215 ms
104.22.43.44,FRA,欧洲,法兰克福,215 ms
104.16.10.222,SJC,北美洲,圣何塞,215 ms
172.67.127.101,FRA,欧洲,法兰克福,215 ms
104.24.236.7,FRA,欧洲,法兰克福,215 ms
104.24.220.83,FRA,欧洲,法兰克福,215 ms
104.22.5.191,FRA,欧洲,法兰克福,215 ms
104.25.85.139,FRA,欧洲,法兰克福,215 ms
104.20.24.42,FRA,欧洲,法兰克福,215 ms
104.21.75.153,AMS,欧洲,阿姆斯特丹,215 ms
104.27.70.132,FRA,欧洲,法兰克福,215 ms
104.27.66.189,FRA,欧洲,法兰克福,215 ms
104.20.96.58,FRA,欧洲,法兰克福,215 ms
172.67.47.49,FRA,欧洲,法兰克福,215 ms
104.25.81.118,FRA,欧洲,法兰克福,215 ms
104.20.141.11,FRA,欧洲,法兰克福,215 ms
104.20.8.94,FRA,欧洲,法兰克福,215 ms
104.27.199.62,FRA,欧洲,法兰克福,215 ms
104.24.129.31,FRA,欧洲,法兰克福,215 ms
172.67.61.36,FRA,欧洲,法兰克福,215 ms
172.67.169.63,AMS,欧洲,阿姆斯特丹,215 ms
104.25.168.37,FRA,欧洲,法兰克福,215 ms
104.25.170.10,FRA,欧洲,法兰克福,215 ms
104.20.190.220,FRA,欧洲,法兰克福,215 ms
104.21.57.196,AMS,欧洲,阿姆斯特丹,215 ms
104.24.71.253,FRA,欧洲,法兰克福,215 ms
104.24.28.169,FRA,欧洲,法兰克福,215 ms
104.22.75.129,FRA,欧洲,法兰克福,215 ms
104.25.5.121,FRA,欧洲,法兰克福,215 ms
104.25.109.195,FRA,欧洲,法兰克福,215 ms
104.21.21.79,AMS,欧洲,阿姆斯特丹,215 ms
104.27.203.104,FRA,欧洲,法兰克福,215 ms
104.20.26.178,FRA,欧洲,法兰克福,215 ms
104.24.244.233,FRA,欧洲,法兰克福,215 ms
104.24.173.225,FRA,欧洲,法兰克福,215 ms
104.22.14.191,FRA,欧洲,法兰克福,215 ms
104.20.220.16,FRA,欧洲,法兰克福,215 ms
104.24.180.65,FRA,欧洲,法兰克福,215 ms
104.16.164.13,SJC,北美洲,圣何塞,216 ms
104.21.100.136,AMS,欧洲,阿姆斯特丹,216 ms
104.21.96.244,AMS,欧洲,阿姆斯特丹,216 ms
104.22.44.51,FRA,欧洲,法兰克福,216 ms
104.24.40.100,FRA,欧洲,法兰克福,216 ms
172.67.246.33,AMS,欧洲,阿姆斯特丹,216 ms
104.21.85.99,AMS,欧洲,阿姆斯特丹,216 ms
104.25.187.194,FRA,欧洲,法兰克福,216 ms
104.21.70.245,AMS,欧洲,阿姆斯特丹,216 ms
104.25.149.187,FRA,欧洲,法兰克福,216 ms
104.22.29.127,FRA,欧洲,法兰克福,216 ms
104.25.78.21,FRA,欧洲,法兰克福,216 ms
104.20.106.90,FRA,欧洲,法兰克福,216 ms
172.67.109.46,FRA,欧洲,法兰克福,216 ms
104.25.222.219,FRA,欧洲,法兰克福,216 ms
104.25.58.132,FRA,欧洲,法兰克福,216 ms
104.20.55.252,FRA,欧洲,法兰克福,216 ms
172.67.216.238,AMS,欧洲,阿姆斯特丹,216 ms
104.24.232.200,FRA,欧洲,法兰克福,216 ms
104.24.51.216,FRA,欧洲,法兰克福,216 ms
104.22.61.247,FRA,欧洲,法兰克福,216 ms
104.25.16.56,FRA,欧洲,法兰克福,216 ms
198.41.211.124,FRA,欧洲,法兰克福,216 ms
104.24.9.168,FRA,欧洲,法兰克福,216 ms
104.25.41.89,FRA,欧洲,法兰克福,216 ms
104.25.65.42,FRA,欧洲,法兰克福,216 ms
104.25.34.57,FRA,欧洲,法兰克福,216 ms
104.25.51.20,FRA,欧洲,法兰克福,216 ms
104.25.50.14,FRA,欧洲,法兰克福,216 ms
104.20.208.108,FRA,欧洲,法兰克福,216 ms
104.27.119.244,FRA,欧洲,法兰克福,217 ms
104.21.52.237,AMS,欧洲,阿姆斯特丹,217 ms
104.24.205.48,FRA,欧洲,法兰克福,217 ms
104.20.113.208,FRA,欧洲,法兰克福,217 ms
104.25.165.220,FRA,欧洲,法兰克福,217 ms
104.24.16.147,FRA,欧洲,法兰克福,217 ms
172.67.120.45,FRA,欧洲,法兰克福,217 ms
104.20.162.12,FRA,欧洲,法兰克福,217 ms
104.20.167.46,FRA,欧洲,法兰克福,217 ms
104.20.81.70,FRA,欧洲,法兰克福,217 ms
104.20.252.166,FRA,欧洲,法兰克福,217 ms
104.25.196.170,FRA,欧洲,法兰克福,217 ms
172.67.163.6,AMS,欧洲,阿姆斯特丹,217 ms
104.27.35.237,FRA,欧洲,法兰克福,217 ms
172.67.80.136,FRA,欧洲,法兰克福,217 ms
104.21.44.217,AMS,欧洲,阿姆斯特丹,217 ms
104.25.212.239,FRA,欧洲,法兰克福,217 ms
104.27.97.168,FRA,欧洲,法兰克福,217 ms
104.25.42.33,FRA,欧洲,法兰克福,217 ms
172.67.141.213,AMS,欧洲,阿姆斯特丹,217 ms
104.25.121.159,FRA,欧洲,法兰克福,217 ms
104.21.65.12,AMS,欧洲,阿姆斯特丹,217 ms
172.67.76.203,FRA,欧洲,法兰克福,217 ms
104.20.131.55,FRA,欧洲,法兰克福,217 ms
104.24.62.45,FRA,欧洲,法兰克福,217 ms
104.21.110.128,AMS,欧洲,阿姆斯特丹,217 ms
104.26.5.158,FRA,欧洲,法兰克福,217 ms
104.25.9.65,FRA,欧洲,法兰克福,217 ms
104.27.106.201,FRA,欧洲,法兰克福,217 ms
172.67.122.143,FRA,欧洲,法兰克福,217 ms
104.25.21.78,FRA,欧洲,法兰克福,217 ms
104.27.23.23,FRA,欧洲,法兰克福,217 ms
104.27.124.158,FRA,欧洲,法兰克福,217 ms
104.25.37.195,FRA,欧洲,法兰克福,217 ms
104.24.66.22,FRA,欧洲,法兰克福,218 ms
104.21.216.11,AMS,欧洲,阿姆斯特丹,218 ms
104.25.180.253,FRA,欧洲,法兰克福,218 ms
104.24.133.82,FRA,欧洲,法兰克福,218 ms
104.24.130.130,FRA,欧洲,法兰克福,218 ms
104.27.34.40,FRA,欧洲,法兰克福,218 ms
104.21.68.250,AMS,欧洲,阿姆斯特丹,218 ms
104.20.127.241,FRA,欧洲,法兰克福,218 ms
104.27.194.214,FRA,欧洲,法兰克福,218 ms
162.159.34.24,FRA,欧洲,法兰克福,218 ms
172.67.75.205,FRA,欧洲,法兰克福,218 ms
104.25.238.190,FRA,欧洲,法兰克福,218 ms
172.67.193.247,AMS,欧洲,阿姆斯特丹,218 ms
104.24.145.212,FRA,欧洲,法兰克福,218 ms
104.24.164.197,FRA,欧洲,法兰克福,218 ms
104.27.53.192,FRA,欧洲,法兰克福,218 ms
172.67.126.80,FRA,欧洲,法兰克福,218 ms
104.20.241.169,FRA,欧洲,法兰克福,218 ms
104.27.45.175,FRA,欧洲,法兰克福,218 ms
104.25.73.247,FRA,欧洲,法兰克福,218 ms
172.67.208.188,AMS,欧洲,阿姆斯特丹,218 ms
104.24.183.138,FRA,欧洲,法兰克福,218 ms
172.67.231.221,AMS,欧洲,阿姆斯特丹,218 ms
104.21.77.93,AMS,欧洲,阿姆斯特丹,218 ms
104.24.81.230,FRA,欧洲,法兰克福,218 ms
104.23.138.75,FRA,欧洲,法兰克福,218 ms
172.67.220.120,AMS,欧洲,阿姆斯特丹,218 ms
104.25.93.140,FRA,欧洲,法兰克福,218 ms
104.22.28.66,FRA,欧洲,法兰克福,218 ms
104.21.60.157,AMS,欧洲,阿姆斯特丹,218 ms
104.23.133.236,FRA,欧洲,法兰克福,218 ms
104.24.191.61,FRA,欧洲,法兰克福,218 ms
172.67.38.129,FRA,欧洲,法兰克福,218 ms
172.67.96.189,FRA,欧洲,法兰克福,218 ms
172.64.228.39,FRA,欧洲,法兰克福,218 ms
104.27.9.126,FRA,欧洲,法兰克福,219 ms
104.22.50.17,FRA,欧洲,法兰克福,219 ms
104.27.121.119,FRA,欧洲,法兰克福,219 ms
104.20.109.118,FRA,欧洲,法兰克福,219 ms
104.20.9.217,FRA,欧洲,法兰克福,219 ms
172.67.201.221,AMS,欧洲,阿姆斯特丹,219 ms
172.67.65.224,FRA,欧洲,法兰克福,219 ms
104.21.7.164,AMS,欧洲,阿姆斯特丹,219 ms
104.24.26.122,FRA,欧洲,法兰克福,219 ms
104.27.114.126,FRA,欧洲,法兰克福,219 ms
104.20.61.192,FRA,欧洲,法兰克福,219 ms
104.20.225.181,FRA,欧洲,法兰克福,219 ms
104.25.224.57,FRA,欧洲,法兰克福,219 ms
104.20.40.134,FRA,欧洲,法兰克福,219 ms
104.23.102.88,FRA,欧洲,法兰克福,219 ms
104.20.206.241,FRA,欧洲,法兰克福,219 ms
104.24.202.67,FRA,欧洲,法兰克福,219 ms
104.24.85.41,FRA,欧洲,法兰克福,219 ms
104.25.213.21,FRA,欧洲,法兰克福,219 ms
104.21.24.99,AMS,欧洲,阿姆斯特丹,219 ms
104.20.236.105,FRA,欧洲,法兰克福,219 ms
172.67.33.156,FRA,欧洲,法兰克福,219 ms
104.22.33.148,FRA,欧洲,法兰克福,219 ms
104.25.136.112,FRA,欧洲,法兰克福,219 ms
104.24.188.122,FRA,欧洲,法兰克福,219 ms
104.25.186.251,FRA,欧洲,法兰克福,219 ms
104.22.42.192,FRA,欧洲,法兰克福,219 ms
104.20.150.68,FRA,欧洲,法兰克福,219 ms
104.20.79.81,FRA,欧洲,法兰克福,219 ms
172.67.203.4,AMS,欧洲,阿姆斯特丹,220 ms
104.20.126.100,FRA,欧洲,法兰克福,220 ms
104.16.163.140,SJC,北美洲,圣何塞,220 ms
104.16.162.219,SJC,北美洲,圣何塞,220 ms
104.27.100.58,FRA,欧洲,法兰克福,220 ms
104.25.116.116,FRA,欧洲,法兰克福,220 ms
172.67.90.16,FRA,欧洲,法兰克福,220 ms
104.20.219.154,FRA,欧洲,法兰克福,220 ms
104.24.250.143,FRA,欧洲,法兰克福,220 ms
188.114.97.73,AMS,欧洲,阿姆斯特丹,220 ms
104.25.22.126,FRA,欧洲,法兰克福,220 ms
104.25.2.147,FRA,欧洲,法兰克福,220 ms
104.27.111.177,FRA,欧洲,法兰克福,220 ms
104.24.7.1,FRA,欧洲,法兰克福,220 ms
104.25.86.39,FRA,欧洲,法兰克福,220 ms
104.21.199.118,AMS,欧洲,阿姆斯特丹,220 ms
104.20.132.92,FRA,欧洲,法兰克福,220 ms
104.25.97.110,FRA,欧洲,法兰克福,220 ms
104.27.42.11,FRA,欧洲,法兰克福,220 ms
172.67.156.221,AMS,欧洲,阿姆斯特丹,220 ms
104.20.192.122,FRA,欧洲,法兰克福,220 ms
104.24.2.41,FRA,欧洲,法兰克福,220 ms
104.20.87.251,FRA,欧洲,法兰克福,220 ms
104.25.179.74,FRA,欧洲,法兰克福,220 ms
104.24.22.103,FRA,欧洲,法兰克福,220 ms
104.21.78.249,AMS,欧洲,阿姆斯特丹,220 ms
104.25.0.208,FRA,欧洲,法兰克福,220 ms
172.67.104.207,FRA,欧洲,法兰克福,220 ms
104.21.202.76,AMS,欧洲,阿姆斯特丹,220 ms
104.24.70.126,FRA,欧洲,法兰克福,221 ms
104.25.198.160,FRA,欧洲,法兰克福,221 ms
104.27.105.113,FRA,欧洲,法兰克福,221 ms
104.27.127.177,FRA,欧洲,法兰克福,221 ms
104.27.24.5,FRA,欧洲,法兰克福,221 ms
104.20.240.160,FRA,欧洲,法兰克福,221 ms
162.159.135.145,FRA,欧洲,法兰克福,221 ms
104.24.56.222,FRA,欧洲,法兰克福,221 ms
104.25.74.6,FRA,欧洲,法兰克福,221 ms
104.20.99.24,FRA,欧洲,法兰克福,221 ms
104.22.38.201,FRA,欧洲,法兰克福,221 ms
104.22.39.241,FRA,欧洲,法兰克福,221 ms
172.67.72.80,FRA,欧洲,法兰克福,221 ms
104.26.6.69,FRA,欧洲,法兰克福,221 ms
172.67.23.104,FRA,欧洲,法兰克福,221 ms
104.16.161.30,SJC,北美洲,圣何塞,221 ms
104.22.9.109,FRA,欧洲,法兰克福,221 ms
104.24.222.195,FRA,欧洲,法兰克福,222 ms
104.24.185.122,FRA,欧洲,法兰克福,222 ms
172.67.3.117,FRA,欧洲,法兰克福,222 ms
172.67.251.185,AMS,欧洲,阿姆斯特丹,222 ms
104.21.29.179,AMS,欧洲,阿姆斯特丹,222 ms
104.20.44.220,FRA,欧洲,法兰克福,222 ms
104.16.128.61,SJC,北美洲,圣何塞,222 ms
104.24.148.99,FRA,欧洲,法兰克福,222 ms
104.20.234.62,FRA,欧洲,法兰克福,222 ms
172.67.125.188,FRA,欧洲,法兰克福,222 ms
104.24.241.14,FRA,欧洲,法兰克福,222 ms
104.24.240.169,FRA,欧洲,法兰克福,222 ms
104.25.216.137,FRA,欧洲,法兰克福,222 ms
104.20.169.176,FRA,欧洲,法兰克福,222 ms
104.23.104.187,FRA,欧洲,法兰克福,222 ms
104.23.98.172,FRA,欧洲,法兰克福,222 ms
104.20.151.69,FRA,欧洲,法兰克福,222 ms
104.22.22.58,FRA,欧洲,法兰克福,222 ms
172.67.249.176,AMS,欧洲,阿姆斯特丹,222 ms
104.25.128.235,FRA,欧洲,法兰克福,222 ms
104.27.120.112,FRA,欧洲,法兰克福,222 ms
104.21.88.145,AMS,欧洲,阿姆斯特丹,222 ms
104.20.253.51,FRA,欧洲,法兰克福,222 ms
104.25.189.104,FRA,欧洲,法兰克福,222 ms
172.67.87.243,FRA,欧洲,法兰克福,222 ms
172.67.146.236,AMS,欧洲,阿姆斯特丹,222 ms
172.67.131.250,AMS,欧洲,阿姆斯特丹,223 ms
172.67.135.92,AMS,欧洲,阿姆斯特丹,223 ms
104.24.63.188,FRA,欧洲,法兰克福,223 ms
104.23.123.70,FRA,欧洲,法兰克福,223 ms
104.21.124.170,AMS,欧洲,阿姆斯特丹,223 ms
104.20.209.223,FRA,欧洲,法兰克福,223 ms
104.20.86.194,FRA,欧洲,法兰克福,223 ms
172.67.144.183,AMS,欧洲,阿姆斯特丹,223 ms
104.24.163.64,FRA,欧洲,法兰克福,223 ms
104.25.100.131,FRA,欧洲,法兰克福,223 ms
172.67.226.146,AMS,欧洲,阿姆斯特丹,223 ms
104.20.175.16,FRA,欧洲,法兰克福,223 ms
104.27.118.144,FRA,欧洲,法兰克福,223 ms
104.20.166.106,FRA,欧洲,法兰克福,223 ms
104.23.143.103,FRA,欧洲,法兰克福,223 ms
104.25.177.86,FRA,欧洲,法兰克福,223 ms
104.20.92.255,FRA,欧洲,法兰克福,223 ms
104.24.12.227,FRA,欧洲,法兰克福,223 ms
104.21.63.96,AMS,欧洲,阿姆斯特丹,223 ms
104.27.26.51,FRA,欧洲,法兰克福,223 ms
104.24.128.41,FRA,欧洲,法兰克福,223 ms
104.20.83.240,FRA,欧洲,法兰克福,224 ms
104.21.105.243,AMS,欧洲,阿姆斯特丹,224 ms
104.21.109.98,AMS,欧洲,阿姆斯特丹,224 ms
104.16.111.191,SJC,北美洲,圣何塞,224 ms
104.16.135.157,SJC,北美洲,圣何塞,224 ms
104.25.40.173,FRA,欧洲,法兰克福,224 ms
104.22.20.161,FRA,欧洲,法兰克福,224 ms
172.67.218.232,AMS,欧洲,阿姆斯特丹,224 ms
104.16.131.153,SJC,北美洲,圣何塞,224 ms
104.25.113.127,FRA,欧洲,法兰克福,224 ms
104.26.15.8,FRA,欧洲,法兰克福,224 ms
188.114.96.139,AMS,欧洲,阿姆斯特丹,224 ms
104.24.223.153,FRA,欧洲,法兰克福,224 ms
104.16.115.94,LAX,北美洲,洛杉矶,224 ms
104.16.113.89,LAX,北美洲,洛杉矶,224 ms
104.16.123.64,LAX,北美洲,洛杉矶,224 ms
104.16.160.247,SJC,北美洲,圣何塞,224 ms
104.22.7.218,FRA,欧洲,法兰克福,224 ms
172.67.242.56,AMS,欧洲,阿姆斯特丹,224 ms
104.21.32.200,AMS,欧洲,阿姆斯特丹,224 ms
104.21.27.86,AMS,欧洲,阿姆斯特丹,224 ms
104.24.154.176,FRA,欧洲,法兰克福,224 ms
104.21.36.149,AMS,欧洲,阿姆斯特丹,224 ms
172.67.10.111,FRA,欧洲,法兰克福,224 ms
104.24.8.167,FRA,欧洲,法兰克福,224 ms
172.67.44.239,FRA,欧洲,法兰克福,224 ms
104.21.104.177,AMS,欧洲,阿姆斯特丹,224 ms
104.20.53.201,FRA,欧洲,法兰克福,224 ms
104.21.118.140,AMS,欧洲,阿姆斯特丹,224 ms
104.16.93.216,SJC,北美洲,圣何塞,225 ms
172.67.253.221,AMS,欧洲,阿姆斯特丹,225 ms
104.22.76.175,FRA,欧洲,法兰克福,225 ms
104.24.135.114,FRA,欧洲,法兰克福,225 ms
104.21.86.153,AMS,欧洲,阿姆斯特丹,225 ms
104.25.112.15,FRA,欧洲,法兰克福,225 ms
104.22.62.56,FRA,欧洲,法兰克福,225 ms
104.24.253.32,FRA,欧洲,法兰克福,225 ms
172.67.236.78,AMS,欧洲,阿姆斯特丹,225 ms
104.16.85.186,SJC,北美洲,圣何塞,225 ms
104.20.177.12,FRA,欧洲,法兰克福,225 ms
104.20.178.104,FRA,欧洲,法兰克福,225 ms
172.67.42.5,FRA,欧洲,法兰克福,225 ms
104.20.207.205,FRA,欧洲,法兰克福,225 ms
104.26.7.139,FRA,欧洲,法兰克福,225 ms
104.16.121.157,LAX,北美洲,洛杉矶,225 ms
104.16.104.144,SJC,北美洲,圣何塞,225 ms
104.20.65.231,FRA,欧洲,法兰克福,225 ms
104.24.84.177,FRA,欧洲,法兰克福,225 ms
104.24.237.210,FRA,欧洲,法兰克福,225 ms
104.23.100.200,FRA,欧洲,法兰克福,225 ms
172.67.53.101,FRA,欧洲,法兰克福,225 ms
104.26.8.118,FRA,欧洲,法兰克福,226 ms
104.22.77.48,FRA,欧洲,法兰克福,226 ms
104.24.34.57,FRA,欧洲,法兰克福,226 ms
104.16.78.101,SJC,北美洲,圣何塞,226 ms
104.16.116.218,LAX,北美洲,洛杉矶,226 ms
104.24.1.150,FRA,欧洲,法兰克福,226 ms
104.23.110.187,FRA,欧洲,法兰克福,226 ms
172.67.17.232,FRA,欧洲,法兰克福,226 ms
104.27.99.32,FRA,欧洲,法兰克福,226 ms
104.25.82.80,FRA,欧洲,法兰克福,226 ms
172.67.187.174,AMS,欧洲,阿姆斯特丹,226 ms
162.159.43.224,FRA,欧洲,法兰克福,226 ms
104.16.130.46,SJC,北美洲,圣何塞,226 ms
104.24.210.170,FRA,欧洲,法兰克福,226 ms
172.67.157.75,AMS,欧洲,阿姆斯特丹,226 ms
104.24.52.228,FRA,欧洲,法兰克福,226 ms
104.20.191.168,FRA,欧洲,法兰克福,226 ms
104.16.95.34,SJC,北美洲,圣何塞,226 ms
104.20.165.84,FRA,欧洲,法兰克福,226 ms
104.24.4.109,FRA,欧洲,法兰克福,227 ms
104.16.133.222,SJC,北美洲,圣何塞,227 ms
104.24.251.99,FRA,欧洲,法兰克福,227 ms
104.16.114.37,LAX,北美洲,洛杉矶,227 ms
104.24.23.183,FRA,欧洲,法兰克福,227 ms
172.64.100.13,BUF,北美洲,水牛城,227 ms
104.27.57.154,FRA,欧洲,法兰克福,227 ms
104.23.106.94,FRA,欧洲,法兰克福,227 ms
104.25.184.20,FRA,欧洲,法兰克福,227 ms
172.67.79.170,FRA,欧洲,法兰克福,227 ms
104.16.82.150,SJC,北美洲,圣何塞,227 ms
104.24.136.179,FRA,欧洲,法兰克福,227 ms
104.22.56.188,FRA,欧洲,法兰克福,227 ms
104.25.142.2,FRA,欧洲,法兰克福,227 ms
104.21.81.17,AMS,欧洲,阿姆斯特丹,227 ms
104.27.200.53,FRA,欧洲,法兰克福,227 ms
172.67.20.69,FRA,欧洲,法兰克福,228 ms
172.67.83.40,FRA,欧洲,法兰克福,228 ms
104.21.92.91,AMS,欧洲,阿姆斯特丹,228 ms
104.21.9.5,AMS,欧洲,阿姆斯特丹,228 ms
104.25.114.80,FRA,欧洲,法兰克福,228 ms
104.20.245.8,FRA,欧洲,法兰克福,228 ms
104.21.55.76,AMS,欧洲,阿姆斯特丹,228 ms
104.16.127.201,LAX,北美洲,洛杉矶,228 ms
104.21.111.3,AMS,欧洲,阿姆斯特丹,228 ms
104.16.126.231,LAX,北美洲,洛杉矶,228 ms
104.23.105.206,FRA,欧洲,法兰克福,228 ms
104.21.127.202,AMS,欧洲,阿姆斯特丹,228 ms
104.25.133.81,FRA,欧洲,法兰克福,228 ms
104.25.101.206,FRA,欧洲,法兰克福,228 ms
104.26.13.118,FRA,欧洲,法兰克福,228 ms
104.21.206.229,AMS,欧洲,阿姆斯特丹,228 ms
104.21.207.148,AMS,欧洲,阿姆斯特丹,228 ms
172.67.188.219,AMS,欧洲,阿姆斯特丹,228 ms
104.21.33.61,AMS,欧洲,阿姆斯特丹,228 ms
104.22.65.227,FRA,欧洲,法兰克福,228 ms
104.25.26.36,FRA,欧洲,法兰克福,228 ms
104.27.65.210,FRA,欧洲,法兰克福,229 ms
104.23.120.166,FRA,欧洲,法兰克福,229 ms
172.67.186.121,AMS,欧洲,阿姆斯特丹,229 ms
104.20.222.35,FRA,欧洲,法兰克福,229 ms
104.25.237.193,FRA,欧洲,法兰克福,229 ms
104.20.82.21,FRA,欧洲,法兰克福,229 ms
104.16.136.228,SJC,北美洲,圣何塞,229 ms
104.21.74.21,AMS,欧洲,阿姆斯特丹,229 ms
104.20.124.223,FRA,欧洲,法兰克福,229 ms
172.67.248.146,AMS,欧洲,阿姆斯特丹,229 ms
104.27.71.4,FRA,欧洲,法兰克福,229 ms
104.23.139.6,FRA,欧洲,法兰克福,229 ms
104.27.63.175,FRA,欧洲,法兰克福,230 ms
104.16.137.122,SJC,北美洲,圣何塞,230 ms
104.22.18.3,FRA,欧洲,法兰克福,230 ms
104.22.15.159,FRA,欧洲,法兰克福,230 ms
104.24.203.22,FRA,欧洲,法兰克福,230 ms
172.67.207.34,AMS,欧洲,阿姆斯特丹,230 ms
172.67.57.31,FRA,欧洲,法兰克福,230 ms
172.64.101.212,BUF,北美洲,水牛城,230 ms
104.16.102.124,SJC,北美洲,圣何塞,230 ms
172.67.56.100,FRA,欧洲,法兰克福,230 ms
104.27.82.231,FRA,欧洲,法兰克福,230 ms
104.24.39.82,FRA,欧洲,法兰克福,230 ms
104.27.197.52,FRA,欧洲,法兰克福,230 ms
104.24.18.2,FRA,欧洲,法兰克福,230 ms
104.21.113.86,AMS,欧洲,阿姆斯特丹,230 ms
104.24.43.124,FRA,欧洲,法兰克福,230 ms
104.24.15.118,FRA,欧洲,法兰克福,230 ms
104.24.88.250,FRA,欧洲,法兰克福,230 ms
104.27.90.152,FRA,欧洲,法兰克福,230 ms
104.22.8.148,FRA,欧洲,法兰克福,230 ms
104.27.59.124,FRA,欧洲,法兰克福,231 ms
104.20.102.235,FRA,欧洲,法兰克福,231 ms
104.23.126.24,FRA,欧洲,法兰克福,231 ms
162.159.142.141,FRA,欧洲,法兰克福,231 ms
104.25.163.105,FRA,欧洲,法兰克福,231 ms
104.25.92.180,FRA,欧洲,法兰克福,231 ms
104.21.198.216,AMS,欧洲,阿姆斯特丹,231 ms
104.16.125.170,LAX,北美洲,洛杉矶,231 ms
104.21.23.249,AMS,欧洲,阿姆斯特丹,231 ms
172.67.103.43,FRA,欧洲,法兰克福,231 ms
104.25.123.240,FRA,欧洲,法兰克福,231 ms
104.22.70.95,FRA,欧洲,法兰克福,231 ms
104.25.66.123,FRA,欧洲,法兰克福,232 ms
104.24.174.252,FRA,欧洲,法兰克福,232 ms
104.27.93.119,FRA,欧洲,法兰克福,232 ms
104.20.97.99,FRA,欧洲,法兰克福,232 ms
172.64.69.91,FRA,欧洲,法兰克福,232 ms
104.22.73.23,FRA,欧洲,法兰克福,232 ms
104.25.217.195,FRA,欧洲,法兰克福,232 ms
172.67.58.99,FRA,欧洲,法兰克福,232 ms
104.25.226.58,FRA,欧洲,法兰克福,233 ms
104.16.100.18,SJC,北美洲,圣何塞,233 ms
172.67.16.121,FRA,欧洲,法兰克福,233 ms
172.67.106.124,FRA,欧洲,法兰克福,233 ms
104.27.104.202,FRA,欧洲,法兰克福,233 ms
104.21.193.207,AMS,欧洲,阿姆斯特丹,233 ms
104.24.147.158,FRA,欧洲,法兰克福,233 ms
104.25.79.242,FRA,欧洲,法兰克福,233 ms
172.67.166.240,AMS,欧洲,阿姆斯特丹,233 ms
172.67.121.147,FRA,欧洲,法兰克福,233 ms
104.20.146.115,FRA,欧洲,法兰克福,233 ms
104.24.189.69,FRA,欧洲,法兰克福,233 ms
104.21.72.51,AMS,欧洲,阿姆斯特丹,233 ms
172.67.29.64,FRA,欧洲,法兰克福,233 ms
188.114.98.14,AMS,欧洲,阿姆斯特丹,234 ms
104.23.109.136,FRA,欧洲,法兰克福,234 ms
104.22.3.127,FRA,欧洲,法兰克福,234 ms
104.22.10.238,FRA,欧洲,法兰克福,234 ms
172.67.28.94,FRA,欧洲,法兰克福,234 ms
104.25.104.112,FRA,欧洲,法兰克福,234 ms
172.67.200.64,AMS,欧洲,阿姆斯特丹,234 ms
172.67.255.174,AMS,欧洲,阿姆斯特丹,234 ms
104.21.126.217,AMS,欧洲,阿姆斯特丹,234 ms
104.23.128.195,FRA,欧洲,法兰克福,234 ms
104.25.96.62,FRA,欧洲,法兰克福,234 ms
104.24.13.52,FRA,欧洲,法兰克福,235 ms
104.21.220.12,AMS,欧洲,阿姆斯特丹,235 ms
104.20.30.58,FRA,欧洲,法兰克福,235 ms
162.159.209.180,BUF,北美洲,水牛城,235 ms
104.27.41.126,FRA,欧洲,法兰克福,235 ms
104.20.201.166,FRA,欧洲,法兰克福,235 ms
104.24.246.28,FRA,欧洲,法兰克福,236 ms
104.21.47.163,AMS,欧洲,阿姆斯特丹,236 ms
172.67.25.202,FRA,欧洲,法兰克福,236 ms
104.25.4.98,FRA,欧洲,法兰克福,236 ms
104.27.62.214,FRA,欧洲,法兰克福,236 ms
104.27.28.15,FRA,欧洲,法兰克福,236 ms
104.24.131.58,FRA,欧洲,法兰克福,236 ms
104.26.14.201,FRA,欧洲,法兰克福,236 ms
104.20.71.140,FRA,欧洲,法兰克福,237 ms
104.20.134.181,FRA,欧洲,法兰克福,237 ms
172.67.234.185,AMS,欧洲,阿姆斯特丹,237 ms
104.24.172.181,FRA,欧洲,法兰克福,237 ms
104.25.60.119,FRA,欧洲,法兰克福,237 ms
104.25.72.121,FRA,欧洲,法兰克福,237 ms
104.26.12.63,FRA,欧洲,法兰克福,237 ms
104.21.59.168,AMS,欧洲,阿姆斯特丹,237 ms
172.67.153.129,AMS,欧洲,阿姆斯特丹,237 ms
104.24.17.212,FRA,欧洲,法兰克福,238 ms
172.67.192.225,AMS,欧洲,阿姆斯特丹,238 ms
172.67.252.184,AMS,欧洲,阿姆斯特丹,238 ms
104.23.103.77,FRA,欧洲,法兰克福,238 ms
172.67.67.167,FRA,欧洲,法兰克福,238 ms
162.159.35.90,FRA,欧洲,法兰克福,238 ms
104.21.46.95,AMS,欧洲,阿姆斯特丹,238 ms
104.20.59.21,FRA,欧洲,法兰克福,239 ms
172.67.7.48,FRA,欧洲,法兰克福,239 ms
104.21.30.108,AMS,欧洲,阿姆斯特丹,239 ms
172.67.0.171,FRA,欧洲,法兰克福,239 ms
104.25.252.83,FRA,欧洲,法兰克福,239 ms
104.25.225.12,FRA,欧洲,法兰克福,239 ms
172.67.167.121,AMS,欧洲,阿姆斯特丹,239 ms
172.67.205.194,AMS,欧洲,阿姆斯特丹,239 ms
104.21.17.105,AMS,欧洲,阿姆斯特丹,239 ms
172.67.18.186,FRA,欧洲,法兰克福,239 ms
104.21.40.37,AMS,欧洲,阿姆斯特丹,240 ms
172.67.217.89,AMS,欧洲,阿姆斯特丹,240 ms
104.20.196.212,FRA,欧洲,法兰克福,240 ms
104.21.76.22,AMS,欧洲,阿姆斯特丹,240 ms
104.24.21.112,FRA,欧洲,法兰克福,240 ms
104.24.29.127,FRA,欧洲,法兰克福,240 ms
104.27.88.26,FRA,欧洲,法兰克福,240 ms
104.24.212.254,FRA,欧洲,法兰克福,240 ms
172.67.40.177,FRA,欧洲,法兰克福,240 ms
104.24.181.83,FRA,欧洲,法兰克福,240 ms
104.20.122.27,FRA,欧洲,法兰克福,241 ms
104.24.93.241,FRA,欧洲,法兰克福,241 ms
172.67.212.223,AMS,欧洲,阿姆斯特丹,241 ms
104.27.89.215,FRA,欧洲,法兰克福,241 ms
104.24.152.208,FRA,欧洲,法兰克福,241 ms
104.25.155.55,FRA,欧洲,法兰克福,241 ms
104.25.115.5,FRA,欧洲,法兰克福,242 ms
104.27.33.172,FRA,欧洲,法兰克福,242 ms
104.24.87.241,FRA,欧洲,法兰克福,242 ms
104.20.105.19,FRA,欧洲,法兰克福,242 ms
172.67.71.106,FRA,欧洲,法兰克福,242 ms
104.27.202.86,FRA,欧洲,法兰克福,242 ms
104.27.61.193,FRA,欧洲,法兰克福,242 ms
104.20.2.168,FRA,欧洲,法兰克福,242 ms
104.20.15.106,FRA,欧洲,法兰克福,242 ms
104.22.57.242,FRA,欧洲,法兰克福,243 ms
104.25.132.92,FRA,欧洲,法兰克福,243 ms
104.21.19.33,AMS,欧洲,阿姆斯特丹,243 ms
104.22.69.1,FRA,欧洲,法兰克福,243 ms
104.24.242.64,FRA,欧洲,法兰克福,243 ms
104.25.161.209,FRA,欧洲,法兰克福,243 ms
104.20.228.177,FRA,欧洲,法兰克福,243 ms
104.24.216.245,FRA,欧洲,法兰克福,243 ms
172.67.36.65,FRA,欧洲,法兰克福,243 ms
104.24.165.240,FRA,欧洲,法兰克福,243 ms
104.20.218.71,FRA,欧洲,法兰克福,243 ms
104.20.60.244,FRA,欧洲,法兰克福,243 ms
104.25.105.9,FRA,欧洲,法兰克福,244 ms
172.67.209.150,AMS,欧洲,阿姆斯特丹,244 ms
172.67.51.90,FRA,欧洲,法兰克福,244 ms
104.25.154.56,FRA,欧洲,法兰克福,244 ms
104.25.194.98,FRA,欧洲,法兰克福,244 ms
104.20.161.237,FRA,欧洲,法兰克福,244 ms
104.25.17.118,FRA,欧洲,法兰克福,244 ms
104.22.64.134,FRA,欧洲,法兰克福,245 ms
104.16.134.40,SJC,北美洲,圣何塞,245 ms
104.20.119.197,FRA,欧洲,法兰克福,245 ms
104.27.87.52,FRA,欧洲,法兰克福,245 ms
104.25.70.195,FRA,欧洲,法兰克福,245 ms
104.25.27.156,FRA,欧洲,法兰克福,245 ms
172.67.24.70,FRA,欧洲,法兰克福,245 ms
104.22.12.156,FRA,欧洲,法兰克福,245 ms
104.20.133.139,FRA,欧洲,法兰克福,245 ms
104.20.230.184,FRA,欧洲,法兰克福,245 ms
104.25.234.29,FRA,欧洲,法兰克福,245 ms
104.27.22.40,FRA,欧洲,法兰克福,245 ms
104.27.1.109,FRA,欧洲,法兰克福,245 ms
104.25.164.242,FRA,欧洲,法兰克福,246 ms
104.20.100.146,FRA,欧洲,法兰克福,246 ms
104.20.80.240,FRA,欧洲,法兰克福,246 ms
104.27.125.194,FRA,欧洲,法兰克福,246 ms
104.27.50.174,FRA,欧洲,法兰克福,246 ms
104.24.5.136,FRA,欧洲,法兰克福,246 ms
104.20.247.60,FRA,欧洲,法兰克福,246 ms
104.25.221.176,FRA,欧洲,法兰克福,246 ms
104.25.201.48,FRA,欧洲,法兰克福,247 ms
104.20.95.214,FRA,欧洲,法兰克福,247 ms
104.24.167.237,FRA,欧洲,法兰克福,247 ms
104.24.134.192,FRA,欧洲,法兰克福,247 ms
104.25.14.251,FRA,欧洲,法兰克福,247 ms
104.20.210.98,FRA,欧洲,法兰克福,247 ms
104.20.145.203,FRA,欧洲,法兰克福,247 ms
172.67.62.159,FRA,欧洲,法兰克福,247 ms
104.25.130.39,FRA,欧洲,法兰克福,247 ms
104.20.232.183,FRA,欧洲,法兰克福,247 ms
104.20.212.32,FRA,欧洲,法兰克福,247 ms
104.20.188.193,FRA,欧洲,法兰克福,248 ms
104.20.13.229,FRA,欧洲,法兰克福,248 ms
104.27.207.158,FRA,欧洲,法兰克福,248 ms
104.20.56.221,FRA,欧洲,法兰克福,248 ms
104.27.30.180,FRA,欧洲,法兰克福,248 ms
104.27.78.228,FRA,欧洲,法兰克福,248 ms
104.20.223.16,FRA,欧洲,法兰克福,248 ms
104.24.32.179,FRA,欧洲,法兰克福,248 ms
104.24.31.222,FRA,欧洲,法兰克福,248 ms
104.23.134.110,FRA,欧洲,法兰克福,248 ms
104.25.88.250,FRA,欧洲,法兰克福,248 ms
104.20.29.73,FRA,欧洲,法兰克福,248 ms
104.25.13.122,FRA,欧洲,法兰克福,248 ms
104.24.239.98,FRA,欧洲,法兰克福,248 ms
104.24.204.151,FRA,欧洲,法兰克福,248 ms
104.25.193.121,FRA,欧洲,法兰克福,248 ms
104.25.195.63,FRA,欧洲,法兰克福,248 ms
172.67.48.242,FRA,欧洲,法兰克福,248 ms
104.24.195.32,FRA,欧洲,法兰克福,249 ms
172.67.78.75,FRA,欧洲,法兰克福,249 ms
104.25.215.144,FRA,欧洲,法兰克福,249 ms
104.25.236.123,FRA,欧洲,法兰克福,249 ms
104.25.118.205,FRA,欧洲,法兰克福,249 ms
172.67.124.64,FRA,欧洲,法兰克福,249 ms
104.27.2.252,FRA,欧洲,法兰克福,249 ms
104.20.37.163,FRA,欧洲,法兰克福,249 ms
104.20.38.126,FRA,欧洲,法兰克福,249 ms
104.25.75.191,FRA,欧洲,法兰克福,250 ms
172.67.165.211,AMS,欧洲,阿姆斯特丹,250 ms
104.25.246.88,FRA,欧洲,法兰克福,250 ms
104.20.54.173,FRA,欧洲,法兰克福,250 ms
104.25.174.179,FRA,欧洲,法兰克福,250 ms
172.67.117.135,FRA,欧洲,法兰克福,250 ms
104.20.70.78,FRA,欧洲,法兰克福,250 ms
104.24.233.1,FRA,欧洲,法兰克福,251 ms
104.24.255.137,FRA,欧洲,法兰克福,251 ms
104.23.129.20,FRA,欧洲,法兰克福,251 ms
104.24.57.71,FRA,欧洲,法兰克福,251 ms
104.27.21.97,FRA,欧洲,法兰克福,251 ms
188.114.99.168,AMS,欧洲,阿姆斯特丹,251 ms
104.24.194.173,FRA,欧洲,法兰克福,251 ms
104.23.111.148,FRA,欧洲,法兰克福,251 ms
104.23.116.137,FRA,欧洲,法兰克福,251 ms
104.24.201.117,FRA,欧洲,法兰克福,251 ms
104.20.238.89,FRA,欧洲,法兰克福,252 ms
104.24.67.248,FRA,欧洲,法兰克福,252 ms
104.25.228.183,FRA,欧洲,法兰克福,252 ms
104.24.3.225,FRA,欧洲,法兰克福,252 ms
104.20.227.248,FRA,欧洲,法兰克福,252 ms
104.23.142.110,FRA,欧洲,法兰克福,252 ms
104.22.25.177,FRA,欧洲,法兰克福,252 ms
104.27.10.105,FRA,欧洲,法兰克福,252 ms
172.67.81.37,FRA,欧洲,法兰克福,252 ms
104.21.203.5,AMS,欧洲,阿姆斯特丹,253 ms
104.27.84.36,FRA,欧洲,法兰克福,253 ms
162.159.153.133,FRA,欧洲,法兰克福,253 ms
104.27.27.201,FRA,欧洲,法兰克福,253 ms
104.20.214.3,FRA,欧洲,法兰克福,254 ms
104.21.43.232,AMS,欧洲,阿姆斯特丹,254 ms
104.25.176.224,FRA,欧洲,法兰克福,254 ms
104.25.185.140,FRA,欧洲,法兰克福,255 ms
104.23.118.184,FRA,欧洲,法兰克福,351 ms
